2P0001-PS2U10000_00-0000111122223333,3,*0000111122223333 - RAP для всех игр "PS2ISO to PS3PKG",First install RAP for PS2 games,f5decabb09884ff402d4123c250171d9,http://github.com/nikolaevich23/pkgi/releases/download/v1.1.8.3/2P0001-PS2U10000_00-0000111122223333.pkg,640,187167617332AC41EEDB6870C443BEE3121855C60E5ACB076143D99C
UP9000-NPUD21653_00-0000000000000000,3,Heavenly Guardian,PS2 US,D717E097509DFF1F41A8DE7B19A1D249,http://zeus.dl.playstation.net/cdn/UP9000/NPUD21653_00/znIPaFSliPJNtcrCguQrzOspswzNSbwQWVtUxqVfnGmdsggukHmqGEAZJBfyzWLG.pkg,1638893744,c7c9d4d0e3e9a6bbfcec9091d2b046ed1ac5fc0f752452385de484488217e3f2
JP0576-NPJD00081_00-0000000000000000,3,ADK,PS2 JP,3134E5AE488D4D442FC1EAAAB2238364,http://zeus.dl.playstation.net/cdn/JP0576/NPJD00081_00/CwTXNrhjqCOOlZrzWbayqqxvICXnjrLwNfHHQuSVvEGSebDyjWEFXfVyTGFuzmmURwEnDGlCYRGulrOxyEpZFIRQVCvWxCRuWAIOQ.pkg,2021611584,4b1d9e274307bf7f0ca73859e1c949bfe7d24dfeb9169f6e9f539bd3292f12d3
EP4034-NPED00099_00-GBAROQUEXX000ENG,3,Baroque,PS2 EU,FC6974AB807CF0600D26758F11111F3F,http://zeus.dl.playstation.net/cdn/EP4034/NPED00099_00/QKQTleDMTOVJqMlVASNatmufNgEMvbVJThDUoqMUwgqqYZraUhgYbFwZykaotMPz.pkg,2359458304,420a2d73230fdf831815ca46a628501e0466fd1603ae110f4527616cbe982b59
UP9000-NPUD20461_00-0000000000000000,3,Bloodrayne,PS2 US,0D16C6F36753F0221FD43D81138CE61A,http://zeus.dl.playstation.net/cdn/UP9000/NPUD20461_00/alHUEJJsFJaksbmdMrcEBHFgCbItGHRhhfZRUucviLhqRWYwKQceMkdcPthmJWrYCjsOuMmshVuRZzQpxCnXuHMXnqkzxVvXcamNO.pkg,1318501280,f50f93f254b22092364dbbb2da4deb8cb1aa5adcb665931d92e53400f7111f3b
UP9000-NPUD20862_00-0000000000000000,3,Bloodrayne 2,PS2 US,F9A3D9441406AFF87515FA2E082D225F,http://zeus.dl.playstation.net/cdn/UP9000/NPUD20862_00/JxrXsMqhYnTutgKWhKNckLbUgTATkpcztxfzrkkyqHEhQNaIVlOrgeSUlvIPyPhbnTyxqZewGaGsBXjNvDuKxLKVyEvTEIjOEgCyX.pkg,4724399632,f4ac3839ebb3382e61b423cd7d1b28b51ba0c053ff5a8726d028c4ff0b468332
UP9000-NPUD21269_00-0000000000000000,3,Bully - Canis Canem,PS2 US,E91FE3065B67AAA439162986567BE45F,http://zeus.dl.playstation.net/cdn/UP9000/NPUD21269_00/krRuUfjcRpLzZmLGynWMgxfmtlnoRSVzSTqdFdXnSwXVokhJnRJbSfBMlZDZpsxwTufoZEcwdtlCnsOdODjSrBaXDxmEoYZlyClrA.pkg,4669017376,6c310b993dbd1347dfaf570f5f4e49438f457d3509644e05d8ba7820be233a55
UP9000-NPUD20950_00-0000000000000000,3,Capcom Fighting Evolution,PS2 US,D598E621E133DF5FDDC65FCBC9D14D33,http://zeus.dl.playstation.net/cdn/UP9000/NPUD20950_00/tEKPDUqrNztEytEqKQkmnvGVHBOVDkfuuUOmYlPeStftqphSpRjIvEpxHtkXrZhZkXBybsmndrJmivLSsufHTxPdIAEbCBMfCxSgx.pkg,2400467024,66a97dd112741e39561caa71b0a1d6943a42e7cbf7c39e88a7e40fb2946e093c
JP0102-NPJD00029_00-0000000000000000,3,Capcom Fighting Jam,PS2 JP,712AFB835A955ECCE466707F03168D89,http://zeus.dl.playstation.net/cdn/JP0102/NPJD00029_00/LXQbcZElrtxcUkCYnePaFUmIwYAfTAGJiyhkQjFktFjwkcZGtZjePrfdZYRXMZIPgfcmLTFOxMdPBPGGZIPDHNxjFjVyCoPwUhFQS.pkg,2397708608,d96faae46bbd26f8b89f0c718f96a30a6d9611dfd03986465d13d538e31e83bd
JP0102-NPJD00015_00-0000000000000000,3,Capcom Vs SNK 2 Millionaire Fighting 2001,PS2 JP,F1FABD976DF5D5A537ECD2FEB72113F1,http://zeus.dl.playstation.net/cdn/JP0102/NPJD00015_00/zzoQFBskhgLMPctiGXIWZQKUjIqLydolkbFNDwzxynIPcKfHLXEhcNMszecoDpNRjgOVRzTXRddJiUJSHdQFRHTgVLnePVIfYvrsG.pkg,250915680,2681fd741a9ca2ca283527c85b1e632af681f4c32f6e8a693452efbe1fe71978
UP9000-NPUD20246_00-0000000000000000,3,Capcom VS SNK 2:Mark of The Millennium 2001,PS2 US,B1BEA4FDFAEA272FECA6AD6C5016F616,http://zeus.dl.playstation.net/cdn/UP9000/NPUD20246_00/HaAUNdjZFrLFGtlIuuJfLeufpNdCRuOuNOWuThQGuzzGBLypDeydksAUAMnfNinBpEAiMRcNDpLTNtolzklSSePBuwYCAkWChMGYS.pkg,246969616,5200c59ac1853a554d2f3f9f495aea3ac515558a39e3848a503c33f619677763
JP0101-NPJD00010_00-0000000000000000,3,Castlevania Lament Of Innocence,PS2 JP,EA4C4876EEC1EF22A8E746B09C38ACFE,http://zeus.dl.playstation.net/cdn/JP0101/NPJD00010_00/wyFqYuqvptHZPDgKMHAROVdwoFYbmyYSbHGPblNAIXqxRzvIFzsWQqgndoMRGJrMfHfhwIouYuVpRHYzSEOviUkcbQfiXLbWlbjUn.pkg,3067473888,57567d1054d530851fa9c00fd35ef966a847278c2e45d5fa065dd1c108086e65
UP9000-NPUD20733_00-0000000000000000,3,Castlevania: Lament of Innocence,PS2 US,749935F3596FC0836A9F7BEDD6F8EBD2,http://zeus.dl.playstation.net/cdn/UP9000/NPUD20733_00/jiVHTjjUPQewTKuHeCgTTzqUHnTbmOSiwiBsNMuTIrpucICdAzjBEidbdhfCbiLXZWyyvpydNjaLGcGbaDdsLQQuSpCkqtFrPBdqh.pkg,3057886976,4fc9128fd904109dafc5cb4445cc11dad58f7b6e3dc53d9308b1813363aadc11
UP9000-NPUD20742_00-0000000000000000,3,Chulip,PS2 US,B7F432CA80EC0264BCD138FC5F4BF16E,http://zeus.dl.playstation.net/cdn/UP9000/NPUD20742_00/bPsdaeLdYXCJUigKGSYSwwuYlgorZDTLYPQGqYxvSubwLkKuPsfvngKuPqynjWTtRQAnsxlnthQZQbVLeYMGzNhyJucUKlUppExET.pkg,738944048,9a61202e74b4278c1dc0eceed5645c1a077dd6aa28578445ef6ee45b171def68
JP0101-NPJD00004_00-0000000000000000,3,Contra Shattered Solider,PS2 JP,8DCDDA60908A192CFA85642B9647CE8C,http://zeus.dl.playstation.net/cdn/JP0101/NPJD00004_00/AhhSscmSiWUunzLGDDjFxJaDTLzYSELfxhFcprODNzXrDgxJHjpYBMwzdYoJaGnEeSUhzvzOoMOfHSndslVEujiavojbulmPWIXyv.pkg,775975728,c93e5e3689e980f57162b89f8d529cf0d089766a28b5ff7a0dce5ed43195d73d
UP9000-NPUD20306_00-0000000000000000,3,Contra: Shattered Soldier,PS2 US,EAD070564BB62D4DD9475B896AED578A,http://zeus.dl.playstation.net/cdn/UP9000/NPUD20306_00/TDxtXuPguLuXKzMtPGQODpKHwGWksKUmyWjPbLYXbYqvTtkBfaJdBoqwTAuZiBGdhsghOliBFnqcsYrMlYiCVTpKjsvhqPmOmHAxb.pkg,775859472,718ab8a5ee306cf81525886f76cdb66d32e03accdcf19ec119e29739eeddc6ea
JP0177-NPJD00027_00-0000000000000000,3,Cyber Troopers Virtual-On: Marz,PS2 JP,EDFBCA67269EC85BE277D62B78490D51,http://zeus.dl.playstation.net/cdn/JP0177/NPJD00027_00/migXfejWgocpsLvNqTQcBozBUbpNKtkOmzqchnDKsHeDawEgqzJgWYtsSWCbKuukLRaXcNaISBmyLrgmdkRyyMklvIQupTTcYPItT.pkg,2071900800,787567736da0e29f88fa54caa355ea03c32ccb099c0b0b89528ab8107d6d2d26
JP9000-NPJC00002_00-0000000000000000,3,Dark Cloud,PS2 JP,0A153594C9827CCE3E18BB0325835084,http://zeus.dl.playstation.net/cdn/JP9000/NPJC00002_00/vybUIlZkFnjGAucbYmELljagkohuOQMnCrSTRSUHezACOKndWifEyzxLjUyxYNDqiJyRipMziozZxzPnUDxmBqUfWJDiTVlZZlTvp.pkg,1386635824,dbb27a9ade3ff6fdb857804354688b148692e4bd8b3cf426065229fb3ba0aafb
JP0106-NPJD00011_00-0000000000000000,3,Dead or Alive 2 Hardcore,PS2 JP,D44ED24AFB5530DAD6602B0B76849DFD,http://zeus.dl.playstation.net/cdn/JP0106/NPJD00011_00/sXGrwSEdOyDTMJqnCwZvhSNYdLInWxxWuymoPVpDLYcLsBofnXbLKOpuRXipeymaXNCQcccCgaQqQCuEyHzOxcVlZFSgxiyKXiUfa.pkg,4738471408,58450e0f63d62976682843d592919b242cf5d79f538c78ff088743a01f5390d8
EP4061-NPED00027_00-GDEADLYSTR000ENG,3,Deadly Strike,PS2 EU,36BB34C4E09DD7BAAE8D37C2BE7EA606,http://zeus.dl.playstation.net/cdn/EP4061/NPED00027_00/cPiuPpcYfPTRnrNweqslaLcpoqsIvsjSGJJwgctOGvGTqorRNnIeLJIroCFAKJIG.pkg,758262880,d65e5a8262134d238ce893706803914ddd68d3f9556361fc2a604329227bafb9
EP0082-NPED00075_00-GDEUSEXXXX000ENG,3,Deus Ex,PS2 EU,C9D27F0502647D198F25403D2B3A416F,http://zeus.dl.playstation.net/cdn/EP0082/NPED00075_00/grcqGWaHzewtoNdvZNWSgXXZMgCSEckKhcLbsHhDRsfymtOUPHPTWsbbIbhttiJw.pkg,1425287776,5de55fad3f91d56494b4ec629d3b2ec571f4952506265b5535b934feb6ce0061
EP0082-NPED00075_00-GDEUSEXXXX000FRE,3,Deus Ex,PS2 EU,A6E94204E62926F1EFD57E19EDAA9701,http://zeus.dl.playstation.net/cdn/EP0082/NPED00075_00/qaMgiVyoTqTlGkvKRcVHUGbImoosVjoQcJQUuuoHUgwNUtsgVsXtnJXryvXRUQNa.pkg,1430357632,7ac4839a740b167c08d086abed8e31cc3f26683654ce68825e659ea04bafd82e
EP4061-NPED00032_00-GDIRTTRACK000ENG,3,Dirt Track Devils,PS2 EU,9028F015150795C86C439E273181D09C,http://zeus.dl.playstation.net/cdn/EP4061/NPED00032_00/qEyGKrmQDjIuVQNmomnDRJEGgREaVhtAWDQuGrRlAiDoAQfDalvLYjsOzjbItfea.pkg,227658800,70d80fdec60b996f95e1988ff9ed6be8eaf3bf8a59cff3d2f691acb8178aab1e
UP9000-NPUD21397_00-0000000000000000,3,Disgaea 2 Cursed Memories,PS2 US,E6203B989F0CCC865682D46835871617,http://zeus.dl.playstation.net/cdn/UP9000/NPUD21397_00/ialSlsYHGewJPwBourqqIUXPiTHATDueMkwcNpvzljHDshRRKTEYOylEdsWeePtj.pkg,1457458048,d2dc01432665e885164738dbcf2ff2dd1f94fcf21558d50ba0c7dd6c6c001eeb
UP9000-NPUD20666_00-0000000000000000,3,Disgaea Hour of Darkness,PS2 US,5EBBE1D6BA43D1A30E321E3924AFA307,http://zeus.dl.playstation.net/cdn/UP9000/NPUD20666_00/vkxElnRDiBQeEJfvZdMRlCPoNSjqpgenFzXlxkSIpnIBuDmRHQrSqahpfSRwgcAM.pkg,1263207792,5aa8d9d30dbcff56d4ac6613521c6caf94fbd32da6bb887250b8a27c2103d32d
UP9000-NPUD20071_00-0000000000000000,3,DOA2: Hardcore,PS2 US,DC7F9A86D82A4638E446BEAEAA79EAF2,http://zeus.dl.playstation.net/cdn/UP9000/NPUD20071_00/UP9000-NPUD20071_00-0000000000000000_bg_1_e5244fb6649d8ff4ed178a449233651ff4e3f98c.pkg,4711790688,fb9d9471cad4a9a78090066a0382aceaa9d23cdaba88522d7983a89c60ccd6f0
UP9000-NPUD21923_00-0000000000000000,3,Dora the Explorer: Dora Saves the Crystal Kingdom,PS2 US,7CC12CCE47D934869D2D7F2B06280F7E,http://zeus.dl.playstation.net/cdn/UP9000/NPUD21923_00/NiTQkYFIPXuonwuGbshGcWAJVpGkPScjrdJikDjckVDFybuTBGPIYcrqIpjTSIAMTOxQJCuIsskEgDFgvaqCvqXlBZnpIehmZIHiM.pkg,1278532768,87f4259e52b9aa5bfdacd3ef8d473c515f71b32b4b324d7f088f9389769a9f3f
UP9000-NPUD21923_00-0000000000000000,3,Dora the Explorer: Dora Saves the Crystal Kingdom,PS2 US,7CC12CCE47D934869D2D7F2B06280F7E,http://zeus.dl.playstation.net/cdn/UP9000/NPUD21923_00/uWboUCrvqGaLziOZvNiZTdozOdVpNGWbTwMfqzHWArCSlHtGoBodHHNclwNXWJkr.pkg,1278532768,87f4259e52b9aa5bfdacd3ef8d473c515f71b32b4b324d7f088f9389769a9f3f
UP9000-NPUD21717_00-0000000000000000,3,Dora the Explorer: Dora Saves the Mermaids,PS2 US,888E3A9F902D2743FF5BBC63516BA221,http://zeus.dl.playstation.net/cdn/UP9000/NPUD21717_00/esoNeupnfYSkWvpbYfpOqTuvUQTuTrZwAPReoJcfVqAspXdMqLHwINMeJzBzdzVE.pkg,340267344,240f774d3305d008cd382ab6ac00d5391a632bcb43989e48053bfdb7c1c22fc7
UP9000-NPUD21796_00-0000000000000000,3,Dora the Explorer: Dora Saves the Snow Princess,PS2 US,E6BB42051D67C2335DBC589366E5C551,http://zeus.dl.playstation.net/cdn/UP9000/NPUD21796_00/XrrqEzxiJQUJoYlLyMpfRmiAfmQFafuYkaRVmpeffndxWtyMumEVhnIULfpmCqHs.pkg,2114347648,2b2a2e3b1238440d192893349c14f946395ed297672991231aaf421ade3a4983
UP9000-NPUD21944_00-0000000000000000,3,Doras Big Birthday Adventure,PS2 US,26CDE91F42678EE3A310768AF49BC8F6,http://zeus.dl.playstation.net/cdn/UP9000/NPUD21944_00/PQhpKuLdLKkciMsYGVVWkmPJVvJyAPhlUkKieSjDRxvlXetfkKqZvZvlVscTtnmZ.pkg,4033007456,e6934892e11ac3a52893ce3c5875de53a31c00b404d09693d44172d2f1bf0ff0
JP0177-NPJD00005_00-0000000000000000,3,Dragon Force,PS2 JP,7B065A2AA0E37EC5089DBC1C441BB0D9,http://zeus.dl.playstation.net/cdn/JP0177/NPJD00005_00/plGGHmnLILpyWLgfrPdodVlfJUpvQTRFzNapygCQlvdGCnppoHIzSYUrOambMHsIkimbuPTVhFScLtcpjviTcfcOMjsNqBecUQqrk.pkg,4726091872,438f3b81690f30738cf9c237991783431c5879ca0222a7455f9734f2b4ce3b26
JP0177-NPJD00009_00-0000000000000000,3,Dynamite Cop,PS2 JP,397536FD0E0F989B3829660286D49673,http://zeus.dl.playstation.net/cdn/JP0177/NPJD00009_00/bSevcrKHKYFsFIFPWyVvwVEWaqAfJeYhmDxVJSLmEAkZtAHYXSsUChZOGMvCWgWAlYYAVfAFSmfcLaHLCraYxMUmPOzaaPAoUWWXC.pkg,500274752,ac6879e39e4f0e6aae37842e7dc15fcc0ecaa83de4becba0d4cc637d73672547
EP4108-NPED00181_00-GDYNASTYWA000ENG,3,Dynasty Warriors 5,PS2 EU,C05E041D0E52B008CBBC5B89EEF3B558,http://zeus.dl.playstation.net/cdn/EP4108/NPED00181_00/zKTlkBZQpMyumWtLzNYyEZiRoShEcdocFRalHmbwMTxxueuAOJjHwuXHCxggdiCe.pkg,3731772368,f6fafc90c3033fa7750a4256ae7a054e8fb62beaf3100810ccace92ca999bcdf
EP4061-NPED00023_00-GETERNALQU000ENG,3,Eternal Quest,PS2 EU,3BA31E1E89E0A266881154C64F6C1FE8,http://zeus.dl.playstation.net/cdn/EP4061/NPED00023_00/sfXgnzALvmYszdVfzssQCOcLcdhDRiwPZyDASgJodUqApzapvZfqpMDumbjAaWmx.pkg,132758640,b6d6673df4f3e9312998dbe8dad61708cee946f7b31014dfaabd1d3439e31ebe
UP9000-NPUD20388_00-0000000000000000,3,Fatal Frame,PS2 US,51D59D42EB80A1CFFA93850190552D19,http://zeus.dl.playstation.net/cdn/UP9000/NPUD20388_00/nMOaKYCkZELYMVJcMDCwgnWkaunEmQoAmOGTpACqogdyZStcrezeMAyzEAmueULPtjMUBMzYjrPyMePSJHrCiXyOPEuywojMMWBwd.pkg,2787402496,f7d4ba7674f23b5d0b5405b48b8e5bfa8491175f86aa1676fbe6aa934f95a902
UP9000-NPUD20766_00-0000000000000000,3,Fatal Frame II: Crimson Butterfly,PS2 US,70F06FF0C5844FA4B3BF6CA80313F1A7,http://zeus.dl.playstation.net/cdn/UP9000/NPUD20766_00/FaUjLriMdcdaTiEUwXKJIVpcFEmuHiIeuPkOERbXVmhymUtlderhUBNXssoWYDziDcDJPjVSaNrpIxUXPyFhoLxmlXtJSNTKHfIEP.pkg,3302569088,f68445cec28f6d0a07ab55a4d9cd9c3b25d27bab1b0db6d967c0a78ee1cd1296
UP9000-NPUD21244_00-0000000000000000,3,Fatal Frame III: The Tormented,PS2 US,70C241CC35218B16FFE8FCD27F41368A,http://zeus.dl.playstation.net/cdn/UP9000/NPUD21244_00/SyRcJfdIVkGPLYuDXHiusldoBVSUuMzqcnODPIbDPmYTpfNsbAmngrSxQZCyZrwK.pkg,3143487616,c82ae3a07dbece45d7f4f82f5a2377e34e87d8964717dde376e81c5bd8935180
UP9000-NPUD21702_00-0000000000000000,3,Fire Pro Wrestling Returns,PS2 US,621CF7026A6F87598AA1F108F6D2E9ED,http://zeus.dl.playstation.net/cdn/UP9000/NPUD21702_00/LpIdyvhfvYPAdvEkCspmXyqssldNnAHXBYCPutZZEqePRnKgOuWMCEPKhgLXAeQygDhEGrMaLYDYKBsryfECjhEVIaWXjrFeMsfSG.pkg,4715415536,d5b11228322479a07e3a75eda3662090869e9609170515f3350d9856461f480f
EP4061-NPED00028_00-GFOOTBALLG000ENG,3,Football Generation,PS2 EU,94C569E08E69180A0AC5E2E83F752783,http://zeus.dl.playstation.net/cdn/EP4061/NPED00028_00/IOeZPiIdbzfxIBLVsYiqTiklyyqoeVSoYtqaGeLRiKYHnNTUaWOazhXzLlvUauKB.pkg,603406928,6b515c404a65d2ad0265f2cb9d232b46cde12feff50a66dea03c8677e1ad8e47
UP9000-NPUD21794_00-0000000000000000,3,Go Diego Go. Great Dinosaur Rescue,PS2 US,20E2E3C827370B825288A6414330ABB0,http://zeus.dl.playstation.net/cdn/UP9000/NPUD21794_00/AETuDgVXEJLMeLphLeFIncSQqdXYXnLrnCWTfDMNobiYKdCqrjhXqFADKQUNefoX.pkg,1280237952,1dd91943305e465876c5148f6516c1f3ac9f8abccc01c4b18807a67d365817cb
UP9000-NPUD21718_00-0000000000000000,3,Go Diego Go. Safari Rescue,PS2 US,D0D755B0AF18D0A6CDEF920D539E13C6,http://zeus.dl.playstation.net/cdn/UP9000/NPUD21718_00/VuBgCiHIODKiLpaMOqWWbIWGQAUJUOqFMokCyEDgFUTQgckLlniDBzOpRyfrzokIMxRrbtsjfedSRnDenykyrEqNrQwpByQvrOEOU.pkg,2442519184,27f6a534398ae3d8340a6db19f90b8536bc7600362f2d6d0a8141560a983ceed
EP0102-NPED00052_00-GGODHANDXX000ENG,3,God Hand,PS2 EU,5CC996183F509569933B00D71EA3BFE4,http://zeus.dl.playstation.net/cdn/EP0102/NPED00052_00/ZaZbieaYFakfVgarWgAitqWPQdQUnaFUPHIjlOUmyeJJZMnzNeWmlwuOTMSAfMmk.pkg,2083280560,3804833a0ce296f966cebac478b89a83542d56c042e06423ceeb9f26fabe9c13
UP9000-NPUD20712_00-0000000000000000,3,Gradius V,PS2 US,908194B067A6935B0D72405F7A8C27C6,http://zeus.dl.playstation.net/cdn/UP9000/NPUD20712_00/qXmpcstZUCMpUCDjaTMSwFzfLiilSIZzyoJPVFuvZrcjWPQvAvAzHPySyNiPQhoi.pkg,488762832,d31a16550a7253f995c13ccfa2101f32b20645f0be20f40926ef3da96a50611b
UP9000-NPUD20552_00-0000000000000000,3,Grand Theft Auto: Vice City,PS2 US,5225A4942F3B921729BA7CB874AABD4C,http://zeus.dl.playstation.net/cdn/UP9000/NPUD20552_00/YVJEXTcITsxOMXfTIurufkRrziGvZGESJWoSjOApvCbJJRoieDnzxmGlxWUFMVVJWdjpaHBhoukORSJfysCVvriDpmxZgHmNJqTzW.pkg,3868910256,721eddd17efbe6e1b634d5e57a85f13bb8088cf803315a2657611eaef5d4e69f
EP1004-NPED00063_00-GGRANDTHEF000GER,3,Grand Theft Auto III,PS2 EU,63A800FB68753087C3673C1567910F2D,http://zeus.dl.playstation.net/cdn/EP1004/NPED00063_00/tDfzFIrHxTyaHnGCgllDiTtFSoxLofgjHbIsbXakcpBdJyZmUcoIirjIdRijyFbT.pkg,4727539216,77ff621a81f7e74e498d446e0cad64f3dd70028b42edfde8a4a5f70c3b4ff906
UP9000-NPUD20062_00-0000000000000000,3,Grand Theft Auto III,PS2 US,9CA894124DD36778246A872EAE0288A6,http://zeus.dl.playstation.net/cdn/UP9000/NPUD20062_00/wZsSERVJpnvmDiVHGUxCVoGAmzBflzozdlOomXHojXBHuMcYsPSLiEsECFCuqbVjUEdzkJlBMwbiliPUZogfjDCPClpeNLylpyCKJ.pkg,4674362448,5378bc0fe50207c0eb16d99f1a00b327b51263636950b19da15f954c4a4cc807
EP1004-NPED00070_00-GGRANDTHEF000USK,3,Grand Theft Auto: San Andreas,PS2 EU,3DB254BC7DA4EC5F4D6A2B58D0A2FEBF,http://zeus.dl.playstation.net/cdn/EP1004/NPED00070_00/boToieFBwQhFtXwKRSMTCWqzEmsAbnirzipUEpbmdcDRNJNIGdANkPGwaaMaZtEu.pkg,4546660384,01756040ebb539d3da0a68a48f94c0d1bb6f1eedbd09c5122a8b5c47cfb26522
EP1004-NPED00070_00-GGRANDTHEF000ITA,3,Grand Theft Auto: San Andreas,PS2 EU,C38A21BC2944D18F8D202AE73FF02E69,http://zeus.dl.playstation.net/cdn/EP1004/NPED00070_00/SnazHyqxZPlWEWwGmQaGCXGNCfkHsrKRAeYZDdOyuGRhRkGpopLXlGlkOLnISVyJ.pkg,4548976880,97599f678ec31a97d87bdcff0042b426c89495acad0090799ddf8156ce17b5ff
UP9000-NPUD20946_00-0000000000000000,3,Grand Theft Auto: San Andreas,PS2 US,89BFD998E04C9EC849D9DDAD81DFCAEB,http://zeus.dl.playstation.net/cdn/UP9000/NPUD20946_00/MSOIlpdkWGyleJRJxXDSEyNuklvCtcgIQWiFrqlqxRTucqMyWYIHyakObSQSITlOgWevxIogZLvbqEqCfVBUkmjMZuYyhsvOfOqrp.pkg,4550162480,3b9b23307a59be18140ce3286d34f1978731fdd690aca0717382fb1e5b3cd00d
UP9000-NPUD21423_00-0000000000000000,3,Grand Theft Auto: Liberty City Stories,PS2 US,464E758B4DDD5A2FE9281EDFCE8230D1,http://zeus.dl.playstation.net/cdn/UP9000/NPUD21423_00/UP9000-NPUD21423_00-0000000000000000_bg_1_42d8fd505827c9400123d0b3367eb278c1c7e55d.pkg,4017996224,fa1631eef0986c6be4d1acc4ae92635e0688b0cd1a6e923facf15b6101af8268
EP1004-NPED00070_00-GGRANDTHEF000USK,3,Grand Theft Auto: San Andreas,PS2 EU,3DB254BC7DA4EC5F4D6A2B58D0A2FEBF,http://zeus.dl.playstation.net/cdn/EP1004/NPED00070_00/FMYgnqpAiyPxDoCBBvHsUuIpkOfmIqMyxYWtROYKcvviRxearoTMcTABNBHmDDiP.pkg,4528244768,0bd2f93a09f11e91c5d0f71f034b92a32583e9e4f615b9c89d9034be480983b2
UP9000-NPUD21334_00-0000000000000000,3,GRANDIA III,PS2 US,6B934C8E3C17C6C6447D6B8AE4B6B9A6,http://zeus.dl.playstation.net/cdn/UP9000/NPUD21334_00/UP9000-NPUD21334_00-0000000000000000_bg_1_6efb8507160b51c48ee8b242a56139a35c8b761a.pkg,8736097520,934269b3c3b8341bafadcd375abfbe9fb0c72e3e9f02b97c3316e30a24497804
JP0184-NPJD00069_00-0000000000000000,3,GRANDIA XTREME,PS2 JP,D2D15E4C24BE247CD828FED8312713D3,http://zeus.dl.playstation.net/cdn/JP0184/NPJD00069_00/FDwhmZQKKoKgLVQBrtsamMdOmZQFNWKPLEsGVFUBHujHmZwJNpJLVFyOKtbFFMyGSBWCzzmEniFjbCOqBseQRDXqfCMbvVIMhzIBE.pkg,2100170352,10077fa16f7d600681949aaa48be09cc0965a8f9fba291e462ce6aa5b30b8d71
UP9000-NPUD21604_00-0000000000000000,3,GRIMgRiMoiRe,PS2 US,5474390B6CCC8DC15C4E23448FB1F429,http://zeus.dl.playstation.net/cdn/UP9000/NPUD21604_00/iBrqxPSWtHoeRSAYpdVANZmoOnwjsHwVEeRWqzzjFRNanrUVuwlmjThLrXESgsPDOZVzkhFtnahOyVSOZZJUfWwODdQEgDxPkeMct.pkg,1430239904,522cf8143d16b51bd789d2e30b976a85408dd642174872bf0772f7f149ccede9
EP4037-NPED00060_00-GGUNGRAVEO000ENG,3,Gun Grave Overdose,PS2 EU,22A0030E6D20E2FD6CC5A0097B873CDC,http://zeus.dl.playstation.net/cdn/EP4037/NPED00060_00/ckcXxcJghtDQRyhnKpyOoORxoqRjFSoUVfJyWcgIKgwAhryhWHaCZxMdVQhIqFSR.pkg,4414693056,377fa0bf92eae2999c7c63081a67e07de50e339b6f227eac9cb7f20f7b4c9a50
UP9000-NPUD21020_00-0000000000000000,3,Gun Grave Overdose,PS2 US,B62F142C650C47FD70019758E042F2D0,http://zeus.dl.playstation.net/cdn/UP9000/NPUD21020_00/ZOPlUjgKXhdhezqJJUYMNznAxmxrhokqddNuGlljNkpHbmatMfttNAkyWoZlDAWaSolCFtSYgliQRRTzRLCWfCRwJlXHgXjRwPctV.pkg,3920622976,d750dd2ea36629dc19e1841f48f1ac6d7a5e6b11328814f5a6a546b3ab9aaffe
UP9000-NPUD21171_00-0000000000000000,3,Harvest Moon: A Wonderful Life - Special Edition,PS2 US,0ABEB70BFC5DC5098EEE8E0EDA5FA395,http://zeus.dl.playstation.net/cdn/UP9000/NPUD21171_00/kqjkuoFtSCLGyJSkhtSvNrfMLZPHYchvgZEtLXlUqvsjaZaYLwvyoNvLpSvKsbsI.pkg,1303923248,7a015e75b88bd7f5fbe294727186c49dc7801b3de6c430de978db851d60eb466
UP9000-NPUD20251_00-0000000000000000,3,Harvest Moon: Save the Homeland,PS2 US,88FCA446F12C3314F4B169811F3D4BF8,http://zeus.dl.playstation.net/cdn/UP9000/NPUD20251_00/ksDMeakLOHXLUsmIWpjpcnYGqKVsOnochoAgqaKOiuVNljZXoitReTLrqrUndcazjcdGlnqLARqphbGvywimWSULDEnrxJsCdQAxo.pkg,115977856,de4eca36fbbd1fef0fe035199cd37dadf41efde2e035e1a333cefba05f0e748d
EP0082-NPED00074_00-GJUSTCAUSE000ENG,3,Just Cause,PS2 EU,7340A38CA7B22CC04F12C0BE3E0858E9,http://zeus.dl.playstation.net/cdn/EP0082/NPED00074_00/VoMyrXCrWATePvUyryZuDHHxDALraMWTDGFGwFnaHKyopFrDccwRrCTXAvAPxcje.pkg,3664353264,6556630bcca987f322909e8ca24c520cc6559f9bf0459efa81593253a9230857
JP0700-NPJD00020_00-0000000000000000,3,Katamari Damacy,PS2 JP,CFBDFDF5086449BDF5FEC94F2504CEEF,http://zeus.dl.playstation.net/cdn/JP0700/NPJD00020_00/ytYKuAJmahDzAIovLYexkBYfMBifGGznDYAbifbjxlPwHbPajwlHqVgVwAOWCMpHqZvWJdpDLPOXwZrvmIKhFJFrRjrIQIakscGtx.pkg,3713821056,2d7cc499f7e4c627ce989ae7f9f9d91f92f338e807113b99fe76f4facd995a81
UP9000-NPUD21008_00-0000000000000000,3,Katamari Damacy,PS2 US,80B52FFA25E709B352188D047FC8FB14,http://zeus.dl.playstation.net/cdn/UP9000/NPUD21008_00/GItyiGVCopLzOoojWoIIZkTuzXkNTDJBbPlVjtmLIowpGygwUIcXqLzrmnzKyuZHYmNZsxCRewePKaXaRodQTpdkafIwnoBgoZkRX.pkg,3189742176,c7f1e84f7b62e32c501a4d82f5c8dc18a9afcf75c3a7858a3d0028759c01c94c
UP9000-NPUD20847_00-0000000000000000,3,La Pucelle: Tactics,PS2 US,CAFEB555C28503A81858CFF74491CAE9,http://zeus.dl.playstation.net/cdn/UP9000/NPUD20847_00/IGLIVjNgIpkkABrRvZtSrnZEoYfSOwnqWtJgVzgHSJQaRCTomUtoTCRjfVYUODUkyrpCxjHHAxyNesBacrlntWwaYqGXLLnQCBCwd.pkg,1256557248,dbfc841e18ac0fb476d2e4ea40f869a08662fa882b8dad0f49d66b9a35f04c73
EP1010-NPED00281_00-GLEGOSTARW000ENG,3,LEGO STAR WARS II,PS2 EU,9536CD0ED1F96B826ED51603033F421A,http://zeus.dl.playstation.net/cdn/EP1010/NPED00281_00/xpPmzQMSAedbaTDfPRhpsCwccDMIVtdNpJbUKtkoidcGyyxUXpxRfHxeDQNeUuro.pkg,4649264416,c0fa5c9510f06038b9264b7dae9776fd902226821528d3dfc8ea5137cbc9e536
EP1010-NPED00281_00-GLEGOSTARW000GER,3,LEGO STAR WARS II: THE ORIGINAL TRILOGY,PS2 EU,72ED1A872990513AF3E6FD0CB9AC6FFA,http://zeus.dl.playstation.net/cdn/EP1010/NPED00281_00/QyiWVKVVVsIFelshqOuGZLsJYPjxllgAPbecsuLySOBQJddcFpNTJgBXHNveaEsR.pkg,4649264416,7b293a7a3219d46db04e4a15930a2971fdcb1e50c6c4c5f58e43faa1770f1dd2
JP0103-NPJD00040_00-0000000000000000,3,Mana Khemia 2 - Ochita Gakuen to Renkinjutsushi-tachi,PS2 JP,72D12DFC090A431D9B1CCD351439776E,http://zeus.dl.playstation.net/cdn/JP0103/NPJD00040_00/BGoRVdVGhgpIRNoOQdKXVmrVhWVDvnhUCWgWgVHhUazLKfvxNCfJiuwvGsBcBnudGGTtJyyIyWMhQPogBMxUUyIUwzXNupxgLATQq.pkg,2805239840,78a601a6366ecb417ade6519f34c6fd4c1a3f6261ae14dc312afdb4bbceafd7e
UP9000-NPUD20827_00-0000000000000000,3,Manhunt,PS2 US,E7A01F9F403496D92012172902562BC8,http://zeus.dl.playstation.net/cdn/UP9000/NPUD20827_00/OKpbFbsrTmXgDrWZtFhFVGZWGSYcIgnvhDePFBCbnZXGTwNPkiSyELbIxdbDSwBQHrisZdMfzyeCxEfCPfQZTrVlkTEQAOxHYgXRw.pkg,4732171312,5d961e9cef7669ef1edfa85637d27513962fd99293228bc48a4fae735ae7a391
EP1004-NPED00145_00-GMAXPAYNEX000GER,3,Max Payne,PS2 EU,0B875E43BD15127B8D4A820F0340B3BC,http://zeus.dl.playstation.net/cdn/EP1004/NPED00145_00/BkVmdajSHTzWNORgEcGYSYsDCuOHeiYlKqMLbsVusOtqCipZMfBDruJLNCKesKLe.pkg,4348543776,a5f4e6258c52478d032fd80620de5dabdb06d5a62586fb0973481e554c3881e4
EP1004-NPED00145_00-GMAXPAYNEX000ENG,3,Max Payne,PS2 EU,393051FA9D5335D5019512A08CA96F09,http://zeus.dl.playstation.net/cdn/EP1004/NPED00145_00/rHwahUrDEQSPHdxsPwnyKywzwXYdevJqyzFWfHyFwwDNdyqIsDjSygSBiExFbnby.pkg,4348495184,3e081bd45b4ea8e7a4059dbe9f045bdec68251fa552cfa26679361934bf8293f
UP9000-NPUD20017_00-0000000000000000,3,Maximo,PS2 US,F5DECABB09884FF402D4123C250171D9,http://zeus.dl.playstation.net/cdn/UP9000/NPUD20017_00/XcSFlFwGuZzxAfmPPjsReUpcINcIXagoJaBuYdRPHbhuVuZrAsoJoMypfHBunxINszhOKUVHYPROWAJavnojjtQYSFCkuSdCmttyI.pkg,746904432,ff6263e144a4d43d4ae8012e3d0aec72a794fb543248f3e120a8810dab6f49fe
EP0102-NPED00053_00-GMAXIMO2XX000ENG,3,Maximo vs Army of Zin,PS2 EU,EB3C8ADD99AD0E2F035FCAC78F933C71,http://zeus.dl.playstation.net/cdn/EP0102/NPED00053_00/zXHDGKwawTmGxFRdvzrbFDMwFRZoKeRXjLYsjehijcEKLRYUkCCXGYInEaQluPqt.pkg?product=0084&country=gb,1264669520,18dacc71c7a89e3b9ce2d4d8a9fc75fe7a30eb3be26bc77f770c741ade2548ed
UP9000-NPUD21453_00-0000000000000000,3,Meet the Robinsons,PS2 US,7EA66E39639A573F63D522A4D5ADA8F3,http://zeus.dl.playstation.net/cdn/UP9000/NPUD21453_00/oXgUaotgUgNwxUHVyGORFhgxigsvMnvtyMzztNgcBVkRrTZnOyhxPWaFfrUoYtTp.pkg,1617097920,b688d77370f787a270afffad4c19392e56228aed8541011357d2dba702f7501e
UP9000-NPUD21355_00-0000000000000000,3,Midnight Club 3 DUB Edition REMIX,PS2 US,2639FF1C1A82E854D1532B9F26CD63CC,http://zeus.dl.playstation.net/cdn/UP9000/NPUD21355_00/gymBfMZhViYRnGOFSkSzTLvcFtDbHESAvZIXSSNdealFHHmwICYQQZjZuCMrtDyKVxsiGSjaeqJZJvBvgJSzDYqVparNUvSnPiiWQ.pkg,8583838672,e353bb7c0d990b59b5f8379d72cb6a79be5d0ebb20ac9d86d885324119214b53
UP9000-NPUD20209_00-0000000000000000,3,Midnight Club II,PS2 US,17E79FB82801735E3DECC102663F3598,http://zeus.dl.playstation.net/cdn/UP9000/NPUD20209_00/bvdpGwqzHVdfmwYolMPmscdlLEJISVwQlmTFxyrcVCAecLAaXeeXMdxmzezhUmmPPoNOFEzgJbZrMFirjekVmnjkHcZnFOWjsuYGq.pkg,3276296720,705cc7063708bc3cb83c7227028e02bdd1d7fe78b1a796cc438f23f473f0f430
UP9000-NPUD20521_00-0000000000000000,3,Mystic Heroes,PS2 US,9AC27E24763ED3DD56F2FFF638A242E5,http://zeus.dl.playstation.net/cdn/UP9000/NPUD20521_00/OsabnxDHnZoTNplTQDYCBgyzYraMNRVCLnmEAZKjMMpYayCTqeLZKhdokPsGesybSjjXLRiDVbUgfVCfjsutCrZoXXMMQhOBkjZWD.pkg,3163893920,15f9453e12059b5704d84562552399fc0cb4aaebcc101220e67b13639ea83faf
EP0006-NPED00103_00-GNEEDFORSP000ENG,3,Need For Speed: Most Wanted,PS2 EU,89F70B75965A306BD4ACF07AF87D866E,http://zeus.dl.playstation.net/cdn/EP0006/NPED00103_00/oHySWZomujFavFVkZVrnCYXBzgwYSnzEyIEpErjQZJrLnGwsXhsiMMZYSqiWzgmK.pkg,3727077792,fcc0ff9f157fe5be1176e06153532bfdb2eb0c72aff0c6008c60d7047c775780
JP0101-NPJD00014_00-0000000000000000,3,Neo Contra,PS2 JP,E02662AFF0325D9E7726EF5DE8E4729B,http://zeus.dl.playstation.net/cdn/JP0101/NPJD00014_00/UUsChcDvpUDUcVsAGGYWeSBYDhfBcgtrGJuJdvsSwlRgXYlCVihorJVPWeWShnrDcofJKFKjabtVklORgklCJtEdMUxCiOEnUJVWB.pkg,1464836304,e33f940f95d5ec0b367ff88c0a5ae04e9dda289cfd709cfcb70acea53ae8e9c1
UP9000-NPUD20961_00-0000000000000000,3,Neo Contra,PS2 US,208FCDC151815B2CA93122F89632C84E,http://zeus.dl.playstation.net/cdn/UP9000/NPUD20961_00/nzCkSKycOwSknRqSUrojOyMYnRVDJfHnrFJIhzoXLVwznOHAvsNxzcLSodvtyema.pkg,1463084816,5ab07603e9c71304194ff1c4141ddf80ba9315a3420e63f38c3f277a46b2c825
UP9000-NPUD21577_00-0000000000000000,3,Odin Sphere,PS2 US,1B49158A4B1C75A295E8C975DDB14225,http://zeus.dl.playstation.net/cdn/UP9000/NPUD21577_00/GOVwBfgLCPTzxLJTPhZeJnpOiWvEGSVotclJxbSkbEXdnvaUZTlEbySTupLCSgMqZDAiwsBmYvwoyusnEVFecEJJoHHgTORZOYFFI.pkg,3516574032,c555ec958e5a0d745998de7325427ac843ee27ee7868f82b04d13c2877835e9d
UP9000-NPUD21621_00-0000000000000000,3,Persona 3 FES,PS2 US,8B4DCF67CFAA2DD162F900BC39D3DE80,http://zeus.dl.playstation.net/cdn/UP9000/NPUD21621_00/sltvKMoLIZKYhqMSJLhcVXCPKvfCBjnewPuPhvQgolbjKBVXSjytDJihltgZJrhMOWcUWwJnQeeaFuZMLVrfEvPdxagnZziDWYmtc.pkg,4630892944,23bcc8a90d5377b7423258c7ab126c799b2c56591052e8d64ed34a04181ef079
JP0177-NPJD00028_00-0000000000000000,3,Phantasy Star Complete Collection,PS2 JP,E37D34B9BB266361F4D724B6A7B581BE,http://zeus.dl.playstation.net/cdn/JP0177/NPJD00028_00/bpfdiTDaolVFEsaZZDRRAkfgkYXQzeODiRbhlAMcbCirCeYLXonHfSvIOLXasnlOmUsSRjndvQCMzgOECFYSmzSMfQcJoSdlLFZsk.pkg,701996880,c1faaf82e1228d641338231cd1049e10c2a26a2654bd26cf1ad9709b30eadc1b
EP4068-NPED00152_00-GPOOLSHARK000GER,3,Pool Shark 2,PS2 EU,EFDF448BBAE75A0BA94B136641D3D124,http://zeus.dl.playstation.net/cdn/EP4068/NPED00152_00/IOouYXtFpsPZdjTOuyLTaQCzitZOzQtzvqoaMbMFsgEJZLyCiQfeXtaAbdMXFCHy.pkg,2093587936,a5dcf3735da51e93b08abd0b381b48b180be347b33172a71fea69ac44af79748
UP9000-NPUC97142_00-0000000000000000,3,Primal,PS2 US,045ECDB052532A9138F24896B7D39E1C,http://zeus.dl.playstation.net/cdn/UP9000/NPUC97142_00/qBldvrboIkNIyREgIshUhmRDlPsfanAIrmmVfHknuHzZARlTGjAmWPrUVGLNQBIiZcUmjoOfRzqnMjDlDDxITzquoXMMDxzgGkSoe.pkg,4009124048,0cf5057cc7c514a505556635c399720fd5340b1b1b407a58d33ee3be88ded31e
UP9000-NPUD21120_00-0000000000000000,3,Psychonauts,PS2 US,439A6A35BF23C095FDA95219618DD347,http://zeus.dl.playstation.net/cdn/UP9000/NPUD21120_00/qCRyyfBrheQMduqwvvZvhvsyMqSFdnsjsrGCQEtGnWWOUGRuLPIzMjoGPPbvGBhKObzqraPOMhrzcxbiQAvRYqipoCzPiGMBuIRYV.pkg,3546191136,e2fba9ea1ed247803ae894a8ba5a1e1310b283c55fbc31fa3369beed156e30af
UP9000-NPUD20138_00-0000000000000000,3,Rayman 2 Revolution,PS2 US,1974205982CD3675AD23A72C89310C45,http://zeus.dl.playstation.net/cdn/UP9000/NPUD20138_00/bwFKZCEXpUrAerBGuAhOSALJwpYxXKTAXFazNQiMPzDnuzqTsSfcCDFEFJEZfAnzxxvRhXtjTdoAseFoIkgDfwpmsYuqttTFuqJmQ.pkg,4525642336,b5d13472a9842dff0e533b2cea96928de2cd0edbb33c3525ad682dee22989af4
UP9000-NPUD20272_00-0000000000000000,3,Rayman Arena,PS2 US,FC13E1BCEE4054DB7C19F303CBB03195,http://zeus.dl.playstation.net/cdn/UP9000/NPUD20272_00/izPGtzSrOnunqVisUWxyrUgKEfMvFVLBCHwrCaZrQJijKbVDkLdQnUaiXPVRSNVvARszsytLkBIOmnkpftMxDYLvxLZjSqVfsKpHC.pkg,967202208,e5711ce7a1a9547acfdcce3eae67110f9b055357cad571ce9c983bff09c7ecc2
UP9000-NPUD20500_00-0000000000000000,3,Red Dead Revolver,PS2 US,DE80C0A225428C5244B4621C69CDF96F,http://zeus.dl.playstation.net/cdn/UP9000/NPUD20500_00/jQWSnDxxhTOimreOygBXqkSPQIWdJcETpyRqKcGvXAyrvwXILWnQqnnhFagfdReU.pkg,2371870080,709616e6172db24ebc456567bcb2ecc5ad5583e98f39ffbe2d5fc1d45c1bdfd2
UP9000-NPUD20073_00-0000000000000000,3,Red Faction,PS2 US,3408F5203CBC6469BD715B333984F7EB,http://zeus.dl.playstation.net/cdn/UP9000/NPUD20073_00/gGrFAInOUwRdfsMeMxnPDCjQKKRgRmXlCZODXOFATSmykhMdqrkoXctXOimijOcrupbiEeTnkelNlgBbvWTGMchXLYQNYlAknrDHT.pkg,1870121376,749e39151c87696e63ec32e07e4ec69d59aa2355e794513dcfa25eeabeb1081b
UP9000-NPUD20442_00-0000000000000000,3,Red Faction 2,PS2 US,6AAC2309752CDADCF20630E3BDFFAA50,http://zeus.dl.playstation.net/cdn/UP9000/NPUD20442_00/wsUyCzcDtYbJIjfFKpzmFJyRcwZskyKDrbLedfqRglUGOZsUwIyBgbhxyhilihGtMfYVZrpiqrDqLOduHmeiXDnueyiMHVihNmqKs.pkg,2259059840,5967bfd140ead85cc6cddf7ae28f9b354a825ad9c0dc01c80d0875a850a8d4a2
UP9000-NPUD20145_00-0000000000000000,3,Ring of Red,PS2 US,DAFE4226E5B5859D6758475908E78E44,http://zeus.dl.playstation.net/cdn/UP9000/NPUD20145_00/uCXPrBwipPdoOFPOCLsHgpaOyRuhRDxVZAoGsPSUHwTdpnkbrLtaNMJcxipCPjUOIBjSBeUOgaZPqZuKLekDpsSVAffVGLAdsogoX.pkg,608137920,f65b0e6088b221b1b2d55e10ab5935c9a43a7f072bca69a5f0269acdf91fe6cc
UP9000-NPUD21275_00-0000000000000000,3,River King: A Wonderful Journey,PS2 US,8264A2449065685B49D3AD84B0940C29,http://zeus.dl.playstation.net/cdn/UP9000/NPUD21275_00/gblmBfpNfGLwczCnavJCJcSwNmGGkIuZqoLnQKLnqMokrcdWmGtyKWiKBswXCPJK.pkg,1276858176,b230c7369e69755ff86554e8abbb919bd251b7ff3cb1765f88b62c9ca1af02e0
EP4068-NPED00151_00-GROOMZOOMR000ENG,3,Room Zoom - Race for Impact,PS2 EU,1D8CCD7B92B92BBA7F016F2AF6ACA8C4,http://zeus.dl.playstation.net/cdn/EP4068/NPED00151_00/BvqUGGIbjFTVIoJJYqqVAinsdCsYppDqSjQcCNAdBeseyRbQlEYMrYzSKTPxuKER.pkg,1337055024,8ba7942bc38170a82731dd820d378b4db789581c51ad5bba40c6fc8ac2c45666
EP4068-NPED00151_00-GROOMZOOMR000FRE,3,Room Zoom - Race for Impact,PS2 EU,EC9797754C05AF7D89E41EB3C60C451B,http://zeus.dl.playstation.net/cdn/EP4068/NPED00151_00/rqoZMUWDvlBTOBtdXahnQybBZKmcPbWEwAGULqyiQgocvvYCnYGIRlwBpLfaSuDB.pkg,1337055024,189fc927583d3bf15c89239482a4c468dfe45887630a5bf0280899d72fd28f64
UP9000-NPUD20471_00-0000000000000000,3,Rygar - The Legendary Adventure,PS2 US,6760CBC0AAF789D12D326ACB5931E71E,http://zeus.dl.playstation.net/cdn/UP9000/NPUD20471_00/JkJPwFFoAhJMjCLAouuIXTOneCKhGKfxrIzAxxEmuNJecFxyDFqaKmgWUPYODNJMEWkGpVICzeGySnbVoOKEbDkNrGZUZxrxEoJGO.pkg,1828347344,268cde1c52bda8e59706c99fb1c3c5684b022df34ca1079f971ee001406bd073
JP0177-NPJD00041_00-0000000000000000,3,SHADOW THE HEDGEHOG,PS2 JP,F8B08210727847DA2A5002A70DA1FEA6,http://zeus.dl.playstation.net/cdn/JP0177/NPJD00041_00/VRuUMftHdWneXORfNVIdipdTQZOAWzldSPhSCtKAwNvpsXdGmYCHagTjjYkMOTanQdMOEanZMRvYiFprqAZcGBVPVcAyItacGjNLY.pkg,4544864128,8a2aa70d2042868a2fdc33ed2da1d93c29c00fb7ba541a63ba99241974d4f93a
UP9000-NPUD21431_00-0000000000000000,3,Shin Megami Tensei - Devil Summoner,PS2 US,3C6850D21E28919660D80DD2D6435BD5,http://zeus.dl.playstation.net/cdn/UP9000/NPUD21431_00/dYdVyNHAvqsXTpLRQjTlSAGTrEWwlqzgcerFwAzMknvIHHFBJGeYBDGltKuwNSgumyWbdrokPfEcZINzAltnpAuifZpVaGxGeVWYr.pkg,3220294640,f806b35a5fc9742ba68ffefcfa1c99fdf09b697b84bcc70bea25a2b6b83f7f5f
UP9000-NPUD20911_00-0000000000000000,3,Shin Megami Tensei III - Nocturne,PS2 US,7CD8F2BE53D18048958B34C2F6FFDE2E,http://zeus.dl.playstation.net/cdn/UP9000/NPUD20911_00/cBPyrnLMPFbEqiHyFVSoYfPVRRVremofZevxeFbkSdXgIUABtcmDTwDmEDzzoNHh.pkg,4305395840,64b0798b10f2b8338deeae22a08fc87ae86a70ece0528b5aac0dfef7e3ee2fdc
UP9000-NPUD20974_00-0000000000000000,3,Shin Megami Tensei: Digital Devil Saga,PS2 US,15876B7E346DB66E27833B3AC99C561D,http://zeus.dl.playstation.net/cdn/UP9000/NPUD20974_00/gPbHGDDYmBycwMCaXqDBBKUPAbnMHUZFwgNIKyOVToQtYQKrMYvgOybRoIxFNLrv.pkg,4575245600,aee8200883a8f0a079aca1e892c84f54bb5457614646a8c2a36677d2211758eb
UP9000-NPUD21782_00-0000000000000000,3,Shin Megami Tensei: Persona 4,PS2 US,292F08BC1CC80B94FEBD13AF17C49A64,http://zeus.dl.playstation.net/cdn/UP9000/NPUD21782_00/hgAiFBIQunVFyuRYVCPgwHncTIKJCYiysfplqJkznhgiCwytTloeFnUJgASPIeaG.pkg,4440335648,657cab44183b8badcf4e4036f43cf79fabed072942ecf36373995ac49ceee73e
UP9000-NPUD20459_00-0000000000000000,3,Shinobi,PS2 US,79CB6472AA1DBD139CDC529FDAFFC6AB,http://zeus.dl.playstation.net/cdn/UP9000/NPUD20459_00/BbpDrguvXQCTJinzSwgOjPqiWGuejwzbOhplyAuKcbRDRFEskOXsgeNdyaNnjnncaYQEhXLrYPZafsJMpIFEhOdIyVUOUwQPMtouo.pkg,1330416048,7f489d048ef299254c8322ecdbadaa0ec4699e2f7cb9ae59cd044827064d1d7d
JP0101-NPJD00022_00-0000000000000000,3,Silent Hill - The Room,PS2 JP,443B503AFC7F67D526ADAA099F754F3B,http://zeus.dl.playstation.net/cdn/JP0101/NPJD00022_00/RMJQiAzrcEUkPyzawnQANmDXJCxaADEhauNvkYjJaabFdxKKGouZZLgPxaZNBZAgnrmseOMtDCQTPWllIApAZKdJfyVekVNgZoDvO.pkg,3962264640,417c198d348ed578622cbdc23f462b6557855cdeb962979ad1c3402902867536
UP9000-NPUC97355_00-0000000000000000,3,Siren,PS2 US,C3736C2D64797236097AB3926073DCF4,http://zeus.dl.playstation.net/cdn/UP9000/NPUC97355_00/pkMXkKUtHHiKLdNxPxdLRtryBKdgnVyCKDSofgNyOpPLovIYRBFIlsMrsqGzCxUL.pkg,4661042400,f6c6a803036ea1d963a1cd3b71373a49162fc896ab9956d94a7a0116b4a42992
JP9000-NPJC00001_00-0000000000000000,3,SIREN,PS2 JP,6F24132A71F967B342DE7F80D19FF0F8,http://zeus.dl.playstation.net/cdn/JP9000/NPJC00001_00/tDbYybuxpmJRxRHHfOHfDGDjezyCKZUnmAxSKkdvvcuRpKoxAiEElholsnMKTDKXbjlVVuGGnNLWxikQtrfxcbJJzVMAVttNGGZWm.pkg,4684808096,417a976374041f07be224eba58dd76aaf2244da40b1c72fd3548018d5d4af632
EP4061-NPED00026_00-GSKYSCRAPE000ENG,3,Skyscraper,PS2 EU,30D4D31361C489824AD3E7A2865E8612,http://zeus.dl.playstation.net/cdn/EP4061/NPED00026_00/znfYvPAeYBulYCVGqGwufljCrvHkvdMiFZXliwQJVjsHsqTzGBOPFIpIpDyukKcM.pkg,379829744,bdf3aa7b6f0b3559c3e3d2444ceff6f2ed8d836d3e063d621d40a950d993eb11
UP9000-NPUD21845_00-0000000000000000,3,SMT: Devil Summoner2: Raidou Kuzunoha vs. King Abaddon,PS2 US,DE981C008705B32C9FD3898740669A63,http://zeus.dl.playstation.net/cdn/UP9000/NPUD21845_00/eMWpPpZxPhyFzJIeBZkDwAHeuyGpmncRBowczXqbaymGtHcGtujUsvvYtmZKVGCO.pkg,3888273952,bd30f2364f0780960865e24576f58de53a70454b589384c922b087c392617c63
EP0177-NPED00034_00-GSONICHERO000FRE,3,Sonic Heroes,PS2 EU,A76F0F748D102BE7A96AA73D4CD16262,http://zeus.dl.playstation.net/cdn/EP0177/NPED00034_00/vEjrMFJSYFGWJcrAKKvoRXhQVSEUvrLrmqNzjvBQgQDhLRCbnWZahBvgswroSwGH.pkg,4727346096,d3c82a709f133275c35d70715429fb22a5ba116d801ea33a731fb7ce8a6177b2
EP0177-NPED00034_00-GSONICHERO000ENG,3,Sonic Heroes,PS2 EU,47ABD7A4BA240DECE785EF907C87DBB3,http://zeus.dl.playstation.net/cdn/EP0177/NPED00034_00/mYScoWqIhOIXoNoRxgLIzosJaUiqavOBsGaUwUuLAiJfRkbOMOBJMXXIhrdWcgpb.pkg,4727452672,748e9761ae622ec2cda2067a0d779bc7dea88c94a180f09f4f65c7e1b0f1a38a
EP1010-NPED00289_00-GSTARWARSE000ENG,3,Star Wars Bounty Hunter,PS2 EU,FD18EC8DE4629A63D6D7E5945AF08F68,http://zeus.dl.playstation.net/cdn/EP1010/NPED00289_00/KvLGKImtznARRMeMpuwStMIzEucgitSXEYtGYHvJFzkXSUOOpZRsmYUfvkFEMGNc.pkg,2395804032,822712eab44d9dd8ada7b38425e972aef0f18f0ec198d0cae512d6a027a64a6c
EP1010-NPED00285_00-GSTARWARSJ000ENG,3,Star Wars Jedi Starfighter,PS2 EU,1A6E48825AA5389B51946D75993B81A6,http://zeus.dl.playstation.net/cdn/EP1010/NPED00285_00/eIyzBmVoCxDuskxukreaXAKzAmPDDCPATMcuFQoWglLZvWWbjkyJwWTglsmInsYA.pkg,1950140592,9a613caf36c9d12cf4051d9ed6ab188df41367002e90095ebc40a5cd1d4b52df
EP1010-NPED00291_00-GSTARWARSS000ENG,3,Star Wars Starfighter,PS2 EU,6B2D3464BB92CDB315311D1119C5B557,http://zeus.dl.playstation.net/cdn/EP1010/NPED00291_00/lsqqOSSNpzgPYiXMpstdUJzQQOYePtJWrebWWpTrcFFEIgjWoUVhRFVSkqaQrOKf.pkg,774096304,2c692f56f75fe514443110129db4cea4e556cda73c798e07ad82c80fee29bf7e
EP1010-NPED00286_00-GSTARWARST000ENG,3,Star Wars: Episode III The Revenge Of The Sith,PS2 EU,122BB9411496A21947CA7BFAF20159E4,http://zeus.dl.playstation.net/cdn/EP1010/NPED00286_00/ptRWjIHiQnXnLspIykUHQIqbZymviOvNhISkIJxRHWetztnMTUcsCFEOBrRnyFcX.pkg,2751973664,225e48b6e0cbae5b63c47c982d4c49fb80a4a8c05729e1c950cb9b9a196aca18
EP1010-NPED00290_00-GSTARWARSE000ENG,3,Star Wars: Racer Revenge,PS2 EU,C221D55C200821E99379FBF4F4E2D49F,http://zeus.dl.playstation.net/cdn/EP1010/NPED00290_00/vGvXDuHbbQDWecCYzbpHiwDxZExqnxudzhKEKDrTkXDdIBuzRMBohalTllDUCKoq.pkg,603465104,8dcbc79af51422f312ba1cae1166d1fe5ed7c5749daa5ee56461831e6149f1ff
UP9000-NPUD21132_00-0000000000000000,3,Stella Deus: the Gate of Eternity,PS2 US,D71042B6258FBF2C8E049FFD75CFBBDB,http://zeus.dl.playstation.net/cdn/UP9000/NPUD21132_00/zJdGTuepdRetHnkNuHkfLroDHBccmptYpVbclnyWBFBOOIpiVNxIwqmcSHwqDxFY.pkg,3781780656,244add018cc614ea00053bda734f2da1aedf9c626a79d25417e0c7c27a1f22e2
UP9000-NPUD00294_00-GSUIKODEN3000001,3,Suikoden III,PS2 US,B2019B3867C3A2841D2D1BF302ED4F20,http://zeus.dl.playstation.net/cdn/UP9000/NPUD00294_00/UP9000-NPUD00294_00-GSUIKODEN3000001_bg_1_49c2d881b0828e5a0caafd59311b08605ec1b1da.pkg,4327609520,564a3be71ce721a7f40bd5a0e1f4945bfc10a881816ef8712a69f09a59e51809
UP9000-NPUC97264_00-0000000000000000,3,Syphon Filter The Omega Strain,PS2 US,0E264764E77AA5549E03B5C04A276DEA,http://zeus.dl.playstation.net/cdn/UP9000/NPUC97264_00/NPhIMQZdoQiKhozFlXZEmIubFOADKIxDSgRYOCrsMHKgupvOFEpllnvigLXOkRgPeTNawvsMIIiqwyAzBNptyZZsQZCxHLnZiguWp.pkg,3488785536,4c8b4294c4539ce80e24ae0faf1b8642659d42f58f8389ce8463119c3b6d33d8
JP0576-NPJD00071_00-0000000000000000,3,The King Of Fighters XI,PS2 JP,8ED2386E7DB5980CF8AE565934DC99B7,http://zeus.dl.playstation.net/cdn/JP0576/NPJD00071_00/uWhXAdjVTgIrfZMOthWZhQEnpvLwHWyCWxmpBuJSbucPFlVGlkotIKnVYQPbYECwiLTbQUMSOpxVzZBZQIxRYEbJFKkBLMbSCzfOp.pkg,2629893840,6b99f7c93f621d3d599533272b4f18f46db67e3bc0d7bdb15d48eb71639f314a
EP4061-NPED00031_00-GTHESNIPER000GER,3,The Sniper 2,PS2 EU,96B868A53EAD7A19536FC863EA15D341,http://zeus.dl.playstation.net/cdn/EP4061/NPED00031_00/hCDJVdIiLkSyUKNALoQOUzQYkRbgrQFfQkvSFFvBWVdhsbBBuTSbgaGNOaQtdAtV.pkg,503789056,057cbd2aa4bf26dba48bf9c38aa5420e8bfb6487921097c860788529806e218a
UP9000-NPUD21215_00-0000000000000000,3,The Warriors,PS2 US,D75D7B5B20DE3ABA3588E6E1F2FDD623,http://zeus.dl.playstation.net/cdn/UP9000/NPUD21215_00/UP9000-NPUD21215_00-0000000000000000_bg_1_dc03925c1e47713f43a305adc85d3eab2484ceb8.pkg,4331394480,bec5cb9575a2a3e9ea0c4f823ca338c0a4965dea279e2619b23de6d30b8e77ef
UP9000-NPUD21471_00-0000000000000000,3,Tokobot Plus: Mysteries of the Karakuri,PS2 US,ECD4BAB7BD74BFD17429CD85694C42AA,http://zeus.dl.playstation.net/cdn/UP9000/NPUD21471_00/ZHvpGKToWpotlCaWOyhicbhIdoyUplLfqofqVaUrphiyYYCxyFSBywnhFhaZQdYg.pkg,3452909040,04df890099e20de3e1af54c90f496e79333ed401561732bcde8f87017efdee7f
EP9000-NPEC00001_00-GTWISTEDME000SPA,3,Twisted Metal Black,PS2 EU,7223F7CF3BC8B40932CDF44DB1040A17,http://zeus.dl.playstation.net/cdn/EP9000/NPEC00001_00/AHaQFfNUJEokSMovjxdGhfiaTMXzKvCNvAPLlPBfZYRVpVvlLjQKxddDtpiINmdN.pkg,1779999744,7d5565bebceaa4d9dd27064626adf58bfbd1343c5104105034f96b464e124d60
EP9000-NPEC00001_00-GTWISTEDME000FRE,3,Twisted Metal Black,PS2 EU,DA3D2FCCB81003A87473427BF7C9BD8A,http://zeus.dl.playstation.net/cdn/EP9000/NPEC00001_00/hfyseRFYLtxAaeykhMQNtIPafBVtbaDcrLskhQAYfZbwBBfrNntUTWxMOlaIHiZT.pkg,1779999744,3a9e1e468fe1f3f3a59368c59585eccba99a0c6a17781a1a59be385b39d790e8
EP9000-NPEC00001_00-GTWISTEDME000POR,3,Twisted Metal Black,PS2 EU,E21766884126328849AA0181BB056DC3,http://zeus.dl.playstation.net/cdn/EP9000/NPEC00001_00/IxkLfBfCHgphtwgqNPjNxdxoRaoEcLAPyDXLLGJCHiiQqFcTszazNZHcPwFLxdgV.pkg,1779999744,1c549f7226f69d03ba02f8180fbf114f1fa8d355773be757454801370966cc69
EP9000-NPEC00001_00-GTWISTEDME000GER,3,Twisted Metal Black,PS2 EU,709DE2E2344AA0436C42EE0F7D440899,http://zeus.dl.playstation.net/cdn/EP9000/NPEC00001_00/OngmkGHkPqjIWixiJvVgQxcTWzVuEcqcNgjwqzuisIDhgshycPjGwlpgsaPWeihT.pkg,1779999744,9324d9f4c2ddf96914a57506ab952f63455c3acec2d4ce085572c660d5f856ad
EP9000-NPEC00001_00-GTWISTEDME000DUT,3,Twisted Metal Black,PS2 EU,3496B017E31D44CFDC86437AED147D13,http://zeus.dl.playstation.net/cdn/EP9000/NPEC00001_00/ooPPMKbFsnLlDMVXIYiDTHwhHvQepvTefUaUZQjpQPNUoXyHvUqfGTeKDWDHhOfg.pkg,1779999744,7966e3e8c008298b7a757d238a86ccfc0dba658cbfc9487f0d5978fdda782251
EP9000-NPEC00001_00-GTWISTEDME000RUS,3,Twisted Metal Black,PS2 EU,5AB33AD8D24856AB68DA8EA496845438,http://zeus.dl.playstation.net/cdn/EP9000/NPEC00001_00/OqbRYwQDgZkXFkpmrxsGsGRunIOAHYriymBTKcizQMCMxQcyZmiDohyWwYAPrZhr.pkg,1779999744,5f0cd52337f82cba6e7e865a94d1c03ee5b8c4d6e8ff4bfb04c709c6f8f232ca
EP9000-NPEC00001_00-GTWISTEDME000ENG,3,Twisted Metal Black,PS2 EU,D00BD0D62FBE4567B63CCA0F2C695254,http://zeus.dl.playstation.net/cdn/EP9000/NPEC00001_00/MbISxNOuAeLshvnlRZtwYHekmeRIGvvpsFLxHypWBWcoOgdaadzGqbzHLgEPqMPl.pkg,1780105680,484b3b7af99727c7158a9f7953329c696c6f23400925dc9b18e0cfbbbca8f53f
EP9000-NPEC00001_00-GTWISTEDME000ITA,3,Twisted Metal Black,PS2 EU,41966ACFCC3F62D3E8E653FB5F539ABF,http://zeus.dl.playstation.net/cdn/EP9000/NPEC00001_00/yFjkQOMSXJomcNGGGnnujkLDMIETZmeAJigvjyOhNXiJuVPZxApvhdphfEuhLeWH.pkg,1779999744,627a3f778a3ace2eb6efa2eb2063f3db39b33e28b8d4eaaaaf73eec4329eb133
UP9000-NPUC97101_00-0000000000000000,3,Twisted Metal: Black,PS2 US,D42587E5AD86DF9328C3A0D1EC00EA9C,http://zeus.dl.playstation.net/cdn/UP9000/NPUC97101_00/sahPBWCMWULRZsBDwARMHagyCNiSlSbqxiYkVWKbDQWjURVBunAcdYPzyXrDASpiTzDcaETeYLuWCvcFQXVboeZlCwQtdEnerWtaH.pkg,3835615568,56c5bdb0bd51cd34fd5a9af1dc52f84eb72fee353149fcb5bbc3aa6c11459619
EP4061-NPED00020_00-GULTIMATEM000GER,3,Ultimate Mind Games,PS2 EU,DB528B1F357E427849640CC02D436A4C,http://zeus.dl.playstation.net/cdn/EP4061/NPED00020_00/LETKzLZDVqvDblgrBPruBOXlaziaJaBOquyqaEFmslJGedBLZQJInvkamUjGGiTJ.pkg,168264784,d97bb9001b1b51c41cf360924a1d8f01d854228932055d43d98341cebc591f04
JP0761-NPJD00090_00-0000000000000000,3,Utawarerumono: Chiriyukusha e no Komoriuta,PS2 JP,A58FCB5B274FB016F8B928450A61FDD1,http://zeus.dl.playstation.net/cdn/JP0761/NPJD00090_00/ZuXWVEjfONusikLRvhkOCtxAbGZDLaplxwqYiYewePQsZFdqJbKrWeSGGDfYWCMonyKPacDGqVGpFfBXhFPXduLShImIBBkqsEZAm.pkg,4739206352,168e2be9eaae817933080918011df21dd5755fa8f397448aee5de5ddf4faeffb
UP9000-NPUC97197_00-0000000000000000,3,War of the Monsters,PS2 US,00C9BE29F5FB39406A927D171FA416A7,http://zeus.dl.playstation.net/cdn/UP9000/NPUC97197_00/WpUiEZBiagZvoiFFAroeIMMHFxExRmHVFgLABhXpbEocvwYQEITcWbIcalzhIMkvWeUMdfSaLPMJcTbbrjUHYVQgQTfqxHLdfdkIn.pkg,1283693376,2e7c3473a969a59d924399e8c376ca0c14ee33fcf06dbe19389d64236ed3d81c
UP9000-NPUD21387_00-0000000000000000,3,Warship Gunner 2,PS2 US,42BEC9E308AA1061CD9CD2F1226674F3,http://zeus.dl.playstation.net/cdn/UP9000/NPUD21387_00/dQrYhFoYXQzGsRrdTLZbhBXIFeWMOjRrYMPdUDfUtMdbFRZntmKAUSItdISoJdhkUvFsSWgkZtxhQHaSQUNSusGSmXtzcyGIJowaP.pkg,3344036336,13780f7e9daa5036ad6fa0cc218c1c220e0d89ec350c03ebbc2e387611d8e910
UP9000-NPUD20160_00-0000000000000000,3,WINBACK: Covert Operations,PS2 US,F2EF4D02D039B3BE795B1A0A4738B54A,http://zeus.dl.playstation.net/cdn/UP9000/NPUD20160_00/ltljgRQBZQdsrVoZXPQdaRBNyOeiiqxGmUHzDqkPWAZwzzqIsEBEaIDWiHjzPfVl.pkg,672572368,8d9f1d3634d00019ad8e0b99a4e6afdf5fa3a4d85f4678e20d1dd048fb14fd99
EP4003-NPED00209_00-GWRDCHPKR2000GER,3,World Championship Poker 2,PS2 EU,FB012474EE31371E5B262AD2B5339CA6,http://zeus.dl.playstation.net/cdn/EP4003/NPED00209_00/dapIroirnXxekxYufxjUQZlmXaIoVlAiGNRNMBTKymPdJsYrakvtNkTdXTkkdHBo.pkg,1445561856,ec77fd5bc76643a13e6dc96a2fb8aaaeea7b53fc023d2c69fce0452196606335
EP4068-NPED00153_00-GWORLDSNOO000GER,3,World Snooker Championship 2005,PS2 EU,82E525693F06ECACA18653D9BF1588F4,http://zeus.dl.playstation.net/cdn/EP4068/NPED00153_00/mHWnudRuSPltCNgVgbwwjtLeyJpaobbnJzgkyWPUAGBBbhpmDtLISyxLLoDoblIj.pkg,1812884592,012cfe61a451e25fddbb8ddb5755dd72d41d6177a9f8fbe65244a10f9ea3e887
JP0025-NPJD00080_00-0000000000000000,3,Zettaizetsumei Toshi,PS2 JP,11E684BDE1E3AA5C0C74962ADF803333,http://zeus.dl.playstation.net/cdn/JP0025/NPJD00080_00/NZZmSyBiBaUUSBecqOJMTydLTwzNnUboxLPQRQiMNKRAxnZKgMwNhyhOEVhnATfMTOpXaJVOIfztmKRnNmpqsoVFpdPdrNFSzvRXB.pkg,2911896080,9740e8b3214abcc411c673e016732473d01dea74f0a3ea2354218c2a9da30f63
EP0000-SLES50109_00-PS2CLASSICS00000,3,7 Blades [RusText][NoRG][FiXed][Debug],Convert PS2ISO to PS3PKG,,http://getfile.dokpub.com/yandex/get/http://disk.yandex.ru/d/LGm8s-ocrvEytA,4708213328,CCD11040285F496294E6647AE6851F099636CF0EADABA5AEAB8F6EEAA4EA865F
EP0000-SLES53280_00-PS2CLASSICS00000,3,7 Sins [18+][RusText][Debug],Convert PS2ISO to PS3PKG,,http://getfile.dokpub.com/yandex/get/http://disk.yandex.ru/d/3ALdxhodlIka5w,1094988704,
UP0000-SLUS21016_00-PS2CLASSICS00000,3,25 To Life [FullRus][Новый Диск][16:9][Retail],Convert PS2ISO to PS3PKG,,http://getfile.dokpub.com/yandex/get/http://disk.yandex.ru/d/54FQDCGJzH-G3Q,1767173232,5077EE90E3399997D524036E09A8E80E9436F2AC2BCB949D88E4985FB8830BFA
UP0000-SLUS21205_00-PS2CLASSICS00000,3,Aeon Flux [FullRus][Devil Soft][FiXed][Retail],Convert PS2ISO to PS3PKG,,http://getfile.dokpub.com/yandex/get/http://disk.yandex.ru/d/S8qGbzb7exNxpg,2663469424,F2D5CB8A49FCB5682E1EEC8E96CFAF77C1DDAD34D151FF7648E011EB112FA7C0
EP0000-SLES50282_00-PS2CLASSICS00000,3,Age of Empires II: The Age of Kings [RusText][Новый Диск/ViT Co][Debug],Convert PS2ISO to PS3PKG,,http://getfile.dokpub.com/yandex/get/http://disk.yandex.ru/d/yhTL5pMV3BFqgw,654821520,6E3458428E171EEC6244A157380B82BF6074AE308A582EEA3672091E3C0929E4
EP0000-SLES53910_00-PS2CLASSICS00000,3,Agent Hugo [FullRUS][Новый Диск][Debug],Convert PS2ISO to PS3PKG,,http://getfile.dokpub.com/yandex/get/http://disk.yandex.ru/d/sqdY-vw1iXWShA,1718545488,
EP0000-SLES55207_00-PS2CLASSICS00000,3,Alone in the Dark: У последней черты [RusText][16:9][Retail],Convert PS2ISO to PS3PKG,,http://getfile.dokpub.com/yandex/get/http://disk.yandex.ru/d/aH99FaYM-Rx5qQ,3493261504,DE7FC56413AB3519CBC131398F3D4BDE86BFB121E86456D5FB568415B8649512
UP0000-SLUS21069_00-PS2CLASSICS00000,3,American Chopper [FullRus][Акелла][16:9][FiXed][Debug],Convert PS2ISO to PS3PKG,,http://getfile.dokpub.com/yandex/get/http://disk.yandex.ru/d/K10cnIa7iPbCmg,2765236624,A736372E30F28B9661A993E5B7CEC1865B13AF40063ED3D8DD53F7AAA09AECF2
UP0000-SLUS20595_00-PS2CLASSICS00000,3,Area 51 [FullRus][Новый Диск/Megera][16:9][Retail],Convert PS2ISO to PS3PKG,,http://getfile.dokpub.com/yandex/get/http://disk.yandex.ru/d/95uHlhoyly5aUA,1483956432,3B5DBBE279D986391B602AC64F9C2C6A82D9942B48C0FEAB89B9C7FF78412401
UP0000-SLUS21113_00-PS2CLASSICS00000,3,Atelier Iris: Eternal Mana [RusText][Megera][16:9][Retail],Convert PS2ISO to PS3PKG,,http://getfile.dokpub.com/yandex/get/http://disk.yandex.ru/d/qX0FqeAGdEjEfQ,2687058704,807626254D9C7DB229A7BC49A536B9D416FBB1A7BCA017DA77B6A8AB513986ED
UP0000-SLUS21327_00-PS2CLASSICS00000,3,Atelier Iris: Eternal Mana 2 [RusText][Megera][16:9][Retail],Convert PS2ISO to PS3PKG,,http://getfile.dokpub.com/yandex/get/http://disk.yandex.ru/d/d7BvtqQgr6gWNw,1825631664,6BC3AA37255F7796ACC81749FE7A4905A0197E2D7A23E49127E4B942FC852994
UP0000-SLUS21564_00-PS2CLASSICS00000,3,Atelier Iris 3: Grand Phantasm [RusText][AlexLee][16:9][Retail],Convert PS2ISO to PS3PKG,,http://getfile.dokpub.com/yandex/get/http://disk.yandex.ru/d/sLzUOiK5lZOm2w,2565036096,9FFAE29714C25F4C00075473A169CFA46C17435C828320B3C27A20BAD823CE65
EP0000-SLES55035_00-PS2CLASSICS00000,3,Asterix at the Olympic Games [RusText][Alex Lee][Debug],Convert PS2ISO to PS3PKG,,http://getfile.dokpub.com/yandex/get/http://disk.yandex.ru/d/-lcSQTRvgzgU-Q,2030430976,
UP0000-SLUS20866_00-PS2CLASSICS00000,3,Asterix & Obelix XXL - Kick Buttix [RusText][Debug],Convert PS2ISO to PS3PKG,,http://getfile.dokpub.com/yandex/get/http://disk.yandex.ru/d/EhWfyHjJuyFFjQ,1590981664,
EP0000-SLES53060_00-PS2CLASSICS00000,3,Asterix & Obelix XXL2: Mission - Las Vegum [FullRus][Акелла][16:9][Debug],Convert PS2ISO to PS3PKG,,http://getfile.dokpub.com/yandex/get/http://disk.yandex.ru/d/H2GkdoKGq2tRBw,1303858096,68478F29AA66E3C2CA0ECAEEDDFB7E36DBC893E27AB68002E84B330F0F0DED66
UP0000-SLUS21588_00-PS2CLASSICS00000,3,Avatar: The Last Airbender – The Burning Earth [RusText][Debug],Convert PS2ISO to PS3PKG,,http://getfile.dokpub.com/yandex/get/http://disk.yandex.ru/d/G8Xf-STROG8n4g,1959630864,23B415329D386F50C21CAEFCBE1F373281D64D797DF498BE37351F3638A7DD6E
EP0000-SLES50672_00-PS2CLASSICS00000,3,Baldur’s Gate: Dark Alliance [RusText][Megera][16:9][FiXed][Retail],Convert PS2ISO to PS3PKG,,http://getfile.dokpub.com/yandex/get/http://disk.yandex.ru/d/a-eNakcixfqkaA,3807336944,4C6375722F595B2AD1003AF946C6CCA7F84ABBFFCCFA9A053C33F8536D6171C4
UP0000-SLUS20675_00-PS2CLASSICS00000,3,Baldur’s Gate: Dark Alliance II [RusText][ViT Co][16:9][Retail],Convert PS2ISO to PS3PKG,,http://getfile.dokpub.com/yandex/get/http://disk.yandex.ru/d/Q0v4oiK8Ub9zcQ,2961391856,EF5A1156BC7BC711C83AFF7CEBCA460555A9A2A6284B6E253E4E1BD7989FC047
UP0000-SLUS21198_00-PS2CLASSICS00000,3,Batman Begins [RusText][NoRG][Retail],Convert PS2ISO to PS3PKG,,http://getfile.dokpub.com/yandex/get/http://disk.yandex.ru/d/-nLFgt5YN5bKGA,4202975552,C34D066A485716B9C8E362B86391F0D8762A3D0558A5B51E5B5F20ADCF8AAECD
UP0000-SLUS21026_00-PS2CLASSICS00000,3,Battlefield 2: Modern Combat [RusText][Megera][Retail],Convert PS2ISO to PS3PKG,,http://getfile.dokpub.com/yandex/get/http://disk.yandex.ru/d/HJuLC8WrK0k6VQ,3618050096,18050700D5E35D610D10F9A05B663529BBFFAFF2936F867C32301B0E8FA573AB
UP0000-SLUS21150_00-PS2CLASSICS00000,3,Beat Down: Fists of Vengeance [RusText][AlexLee/Megera][16:9][Debug],Convert PS2ISO to PS3PKG,,http://getfile.dokpub.com/yandex/get/http://disk.yandex.ru/d/DjphsJkKnN7Qrw,3342703296,F25E3B0518755AA844F7376DF9045D68493F866E03F3186DCBEA1C3579A55CD0
UP0000-SLUS21815_00-PS2CLASSICS00000,3,BEN 10: Alien Force [RusText][AlexLee][Debug],Convert PS2ISO to PS3PKG,,http://getfile.dokpub.com/yandex/get/http://disk.yandex.ru/d/l3Q_JNUJ5AuKTg,4715641504,740AC28649CE611AC9363D634E3FD2EFFD3CBDF7D76031937651460C569E01AB
UP0000-SLUS21376_00-PS2CLASSICS00000,3,Black [RusText][ViTCo/GENRY3000][16:9][FiXed][Retail],Convert PS2ISO to PS3PKG,,http://getfile.dokpub.com/yandex/get/http://disk.yandex.ru/d/caxVhUiPb0LACA,2629531216,D2BDF4D3CAE1CFCB806ACC4BBC97A320607B9298A6E3A38A74A4039F81261543
UP0000-SLUS20024_00-PS2CLASSICS00000,3,Blood Omen 2: Legacy of Kain [RUSSound][7wolf][16:9][Retail],Convert PS2ISO to PS3PKG,,http://getfile.dokpub.com/yandex/get/http://disk.yandex.ru/d/WlPe5hH80u96cQ,2169833856,BBF9549BE965FB4D9B2E1CC932BB8E6A2A3455D435C3F9E56AB2C88C45B5251C
UP0000-SLUS20461_00-PS2CLASSICS00000,3,BloodRayne [FullRus][Новый Диск/DruchaPucha][FiXed][Retail],Convert PS2ISO to PS3PKG,,http://getfile.dokpub.com/yandex/get/http://disk.yandex.ru/d/WA60km3P7qSLdg,1347953616,4FBCA0A2A4B4AD8C8380BEE009A091CFC292AF0AAD84FF711447C2C76FD52257
UP0000-SLUS20862_00-PS2CLASSICS00000,3,BloodRayne 2 [FullRus][Бука/CRES][16:9][FiXed][Retail],Convert PS2ISO to PS3PKG,,http://getfile.dokpub.com/yandex/get/http://disk.yandex.ru/d/zrNuY4SGP7aodQ,2063142512,3305D7F317781192E5919FDBA71CD6E70DE58BF407552C0981628DAC31C611C6
UP0000-SLUS20850_00-PS2CLASSICS00000,3,BlowOut [FullRus][Новый Диск/NoRG][FiXed][Retail],Convert PS2ISO to PS3PKG,,http://getfile.dokpub.com/yandex/get/http://disk.yandex.ru/d/dSp0Mt6TaMPeGw,373625056,467305275BBBC95A1C5C99DB0BAA2CFBBB32C8B0175A4CB5B7B1E0D4DEB268CE
UP0000-SLUS20850_00-PS2CLASSICS00000,3,BlowOut [FullRus][Новый Диск/NoRG][16:9][FiXed][Debug],Port of Russian voice acting for PS2 and testing of DruchaPucha,,http://getfile.dokpub.com/yandex/get/http://disk.yandex.ru/d/l6ScK7KOBM1Dsw,373674256
EP0000-SLES51557_00-PS2CLASSICS00000,3,Broken Sword: The Sleeping Dragon [FullRus][LazyGames/Kudos][Retail],Convert PS2ISO to PS3PKG,,http://getfile.dokpub.com/yandex/get/http://disk.yandex.ru/d/xEIUQ4SXbD08XA,2293039648,28D75A9B71CBB402A239CC129774129D27AF11C2646A59E78DAC905BE99D733A
EP0000-SLES53659_00-PS2CLASSICS00000,3,Brothers in Arms: Earned in Blood [RusText][NoRG][16:9][Debug],Convert PS2ISO to PS3PKG,,http://getfile.dokpub.com/yandex/get/http://disk.yandex.ru/d/DLtCL1LXbqa-jQ,4633857792,113268298835DB5C95F6812041CEB2A4C24EA1AD71D382E8775E729C10AAC0A2
EP0000-SLES52888_00-PS2CLASSICS00000,3,Brothers in Arms: Road to Hill 30 [RusText][AlexLee][Debug],Convert PS2ISO to PS3PKG,,http://getfile.dokpub.com/yandex/get/http://disk.yandex.ru/d/tqr6VQMVbXRL3Q,4383550368,C5078D160915C32A4342B6E61DEDB493DA823D7016E1E97A57AB24083CE60F27
UP0000-SLUS20566_00-PS2CLASSICS00000,3,Buffy the Vampire Slayer [RusText][NoRG][FiXed][Debug],Convert PS2ISO to PS3PKG,,http://getfile.dokpub.com/yandex/get/http://disk.yandex.ru/d/jdvBI_fxtb2t0w,3470944160,55788AB1186845DF6E34709A1A5FD73EF449FBA08558C8FEAC74F75CB4538501
UP0000-SLUS21269_00-PS2CLASSICS00000,3,Bully [RusText][1C][16:9][FiXed][Debug],Convert PS2ISO to PS3PKG,,http://getfile.dokpub.com/yandex/get/http://disk.yandex.ru/d/PTg72k_cZ6bILQ,4667612400,73A02475A6191BBFA08DC0F9532F0094305F60F8B691B9AD8E74B324476E5A92
EP0000-SLES50445_00-PS2CLASSICS00000,3,Burnout [FullRus][Kudos][Debug],Convert PS2ISO to PS3PKG,,http://getfile.dokpub.com/yandex/get/http://disk.yandex.ru/d/f8Kuq-kiV1iWgw,3131751856,
UP0000-SLUS20497_00-PS2CLASSICS00000,3,Burnout 2 Point of Impact [FullRus][NORG][FiXed][Debug],Convert PS2ISO to PS3PKG,,http://getfile.dokpub.com/yandex/get/http://disk.yandex.ru/d/7WGDuBrSeAGzKA,4181144432,
UP0000-SLUS21050_00-PS2CLASSICS00000,3,Burnout 3: Takedown [RusText][Kudos][16:9][FiXed][Debug],Convert PS2ISO to PS3PKG,,http://getfile.dokpub.com/yandex/get/http://disk.yandex.ru/d/y0zAXqyBPOBj-g,2939221824,
UP0000-SLUS21596_00-PS2CLASSICS00000,3,Burnout Dominator [RusText][AlexLee][Debug],Convert PS2ISO to PS3PKG,,http://getfile.dokpub.com/yandex/get/http://disk.yandex.ru/d/Y8VUPGhziOShaQ,1797303088,1B54B18D288571495067E823E3D4F0F80A1B0CC4E934C46E6C088B0B824C1E45
UP0000-SLUS21596_00-PS2CLASSICS00000,3,Burnout Dominator [RusText][AlexLee][16:9][Debug],Convert PS2ISO to PS3PKG,,http://getfile.dokpub.com/yandex/get/http://disk.yandex.ru/d/rmXCJHPIxWLRBQ,1788465968,
UP0000-SLUS21242_00-PS2CLASSICS00000,3,Burnout Revenge [RusText][16:9][FiXed][Debug],Convert PS2ISO to PS3PKG,,http://getfile.dokpub.com/yandex/get/http://disk.yandex.ru/d/_tlk8Sw_eWHclw,2635292800,
UP0000-SLUS20725_00-PS2CLASSICS00000,3,Call of Duty: Finest Hour [RusText][Megera][16:9][Retail],Convert PS2ISO to PS3PKG,,http://getfile.dokpub.com/yandex/get/http://disk.yandex.ru/d/6AmQ23NokSuHow,3265762320,
UP0000-SLUS21228_00-PS2CLASSICS00000,3,Call of Duty 2: Big Red One [RusText][16:9][Retail],Convert PS2ISO to PS3PKG,,http://getfile.dokpub.com/yandex/get/http://disk.yandex.ru/d/Eeed9FTVB1iAuA,2926963056,
UP0000-SLUS21746_00-PS2CLASSICS00000,3,Call of Duty: World at War - Final Fronts [RusText][AlexLee/Megera][16:9][Retail],Convert PS2ISO to PS3PKG,,http://getfile.dokpub.com/yandex/get/http://disk.yandex.ru/d/DA144uT5ALwn3Q,1860414176,
UP0000-SLUS20992_00-PS2CLASSICS00000,3,Catwoman [RusText][AlexLee][16:9][Retail],Convert PS2ISO to PS3PKG,,http://getfile.dokpub.com/yandex/get/http://disk.yandex.ru/d/y3nMEOeN8O1rgA,3105225376,
EP0000-SLES53755_00-PS2CLASSICS00000,3,Castlevania: Curse of Darkness [RusText][ViTCo/PSCD.RU][16:9][FiXed][Debug],Convert PS2ISO to PS3PKG,,http://getfile.dokpub.com/yandex/get/http://disk.yandex.ru/d/UduQLu8_ftZhxA,3864115424,C9FC9A4D350E32FD97396581CCC6973FEC6552CC71A49761E47C276A7707DE90
UP0000-SLUS21168_00-PS2CLASSICS00000,3,Castlevania: Curse of Darkness [FullRus][DevilSoft/NoRG][16:9][FiXed][Debug],Convert PS2ISO to PS3PKG,,http://getfile.dokpub.com/yandex/get/http://disk.yandex.ru/d/Q6JZ8UyolgavwQ,3551967456,BEB0479FD0239F88E16F15B77FC0F9BDCBF1FFA757BA6AAAAAC8BBC6B055E367
UP0000-SLUS20695_00-PS2CLASSICS00000,3,Chaos Legion [FullRus][Vector][Debug],Convert PS2ISO to PS3PKG,,http://getfile.dokpub.com/yandex/get/http://disk.yandex.ru/d/YSr5-iieIeqBTQ,4726774032,6ABB382BBD7EC8D82E3D01AC93AD6A616E72D4CEDCD3787FE4A1E6C7AB4C450F
EP0000-SLES53158_00-PS2CLASSICS00000,3,Cold Fear [FullRus][Акелла][16:9][Retail],Convert PS2ISO to PS3PKG,,http://getfile.dokpub.com/yandex/get/http://disk.yandex.ru/d/7QMtU_XBE6Rx1w/Cold-Fear-[PS2-Classics]-[SLES53158]_sign.pkg,3612525568,
UP0000-SLUS20086_00-PS2CLASSICS00000,3,Commandos 2: Men of Courage [FullRUS][Новый Диск][Debug],Convert PS2ISO to PS3PKG,,http://getfile.dokpub.com/yandex/get/http://disk.yandex.ru/d/vIfIuL1PD_pqEA,3810388384,
UP0000-SLUS20086_00-PS2CLASSICS00000,3,Commandos 2: Men of Courage [FullRUS][PS2Golden][Debug],Convert PS2ISO to PS3PKG,,http://getfile.dokpub.com/yandex/get/http://disk.yandex.ru/d/gO2Om0aW_jpI2A,3810388384,
UP0000-SLUS20086_00-PS2CLASSICS00000,3,Commandos 2: Men of Courage [FullRUS][Kudos][Debug],Convert PS2ISO to PS3PKG,,http://getfile.dokpub.com/yandex/get/http://disk.yandex.ru/d/rqLshb0Qx17v9Q,3810388384,
UP0000-SLUS20086_00-PS2CLASSICS00000,3,Commandos 2: Men of Courage [PICFIX][Debug],Removes the "PS2 Classics" frame from the icon,,http://getfile.dokpub.com/yandex/get/http://disk.yandex.ru/d/0RGFCFa6vPbbVQ,102400,
UP0000-SLUS20306_00-PS2CLASSICS00000,3,Contra: Shattered Soldier [RusText][Kudos][16:9][Retail],Convert PS2ISO to PS3PKG,,http://getfile.dokpub.com/yandex/get/http://disk.yandex.ru/d/Xf18KWVP_ccqew,748159136,518F5207FEC4658C4E001540C29AB218FA9CFFDDE80991B787369EC6A5A14F24
UP0000-SLUS21854_00-PS2CLASSICS00000,3,Coraline [RusText][Debug],Convert PS2ISO to PS3PKG,,http://getfile.dokpub.com/yandex/get/http://disk.yandex.ru/d/4YM-1BP7TvDWdg,2069890576,
UP0000-SLUS21854_00-PS2CLASSICS00000,3,Coraline [RusText][16:9][Debug],Convert PS2ISO to PS3PKG,,http://getfile.dokpub.com/yandex/get/http://disk.yandex.ru/d/M3rN5gSRUQwCdA,2069890576,
EP0000-SLES50386_00-PS2CLASSICS00000,3,Crash Bandicoot: The Wrath of Cortex [FullRUS][Kudos][16:9][Retail],Convert PS2ISO to PS3PKG,,http://getfile.dokpub.com/yandex/get/http://disk.yandex.ru/d/r0TRHpTGkHrrzA/Crash-Bandicoot---Wrath-of-Cortex-[PS2-Classics]-[SLES50386]_sign.pkg,624731728,
UP0000-SLUS20238_00-PS2CLASSICS00000,3,Crash Bandicoot: The Wrath Of Cortex [RUSSound][Kudos][FiXed][Debug],Convert PS2ISO to PS3PKG,,http://getfile.dokpub.com/yandex/get/http://disk.yandex.ru/d/nAOOrGqMyU8fKg,615792208,
EP0000-SLES54843_00-PS2CLASSICS00000,3,Crash of the Titans [FullRUS][SoftClub][Retail],Convert PS2ISO to PS3PKG,,http://getfile.dokpub.com/yandex/get/http://disk.yandex.ru/d/UAtW-DyFkJ3h0g,1519885024,AC9A9995DF1E8D4BCD7C604A183CB7BA3FFFD5A2C797688806C13A77F4D8A79B
UP0000-SLUS21191_00-PS2CLASSICS00000,3,Crash Tag Team Racing [RusText][Retail],Convert PS2ISO to PS3PKG,,http://getfile.dokpub.com/yandex/get/http://disk.yandex.ru/d/-ofTVUi-lqTR7g,3559728528,98E8175BC1327FE3C49659373905F993BC1AA316AEE4488EEF5CF3CC312FDA85
EP0000-SLES51511_00-PS2CLASSICS00000,3,Crash Nitro Kart [RusText][Bomband][Retail],Convert PS2ISO to PS3PKG,,http://getfile.dokpub.com/yandex/get/http://disk.yandex.ru/d/9ioZ_fvbVAmkIQ,3192612080,DA53D66B53EE64F7AE4064B60D248CECCBB2F04B62E5DA8A523CB7043356950E
EP0000-SLES53869_00-PS2CLASSICS00000,3,Crazy Frog Racer [RusText][AlexLee][Retail],Convert PS2ISO to PS3PKG,,http://getfile.dokpub.com/yandex/get/http://disk.yandex.ru/d/V6IxzFSXg2wt2Q,788479984,
EP0000-SLES52122_00-PS2CLASSICS00000,3,Crime Life: Gang Wars [RusText][NORG][16:9][Debug],Convert PS2ISO to PS3PKG,,http://getfile.dokpub.com/yandex/get/http://disk.yandex.ru/d/zQOvqLSmqRkchw,4461635792,FC5733C75041FE5B1739D771B40DB601072ECE6FE077C952C22C9B33065BA9F4
UP0000-SLUS21042_00-PS2CLASSICS00000,3,Darkwatch [FullRUS][NoRG/Devil Soft][16:9][60FPS][Debug],Convert PS2ISO to PS3PKG,,http://getfile.dokpub.com/yandex/get/http://disk.yandex.ru/d/pygD7UcFNwGKSA,4685341120
UP0000-SLUS20934_00-PS2CLASSICS00000,3,Death by Degrees [RusText][Alex Lee][Retail],Convert PS2ISO to PS3PKG,,http://getfile.dokpub.com/yandex/get/http://disk.yandex.ru/d/ABA-FXYj8vFLxg,4319291456,
EP0000-SLES51581_00-PS2CLASSICS00000,3,Dead to Rights [RusText][Bomband][Retail],Convert PS2ISO to PS3PKG,,http://getfile.dokpub.com/yandex/get/http://disk.yandex.ru/d/nDhZLFNIrMNvbw,1879228608,98E2C8D44A3CCC9928B80B169B7417723E43F1E8A0A58726B869C54BC1F0190A
UP0000-SLUS20843_00-PS2CLASSICS00000,3,Dead to Rights II [FullRUS][Акелла][Retail],Convert PS2ISO to PS3PKG,,http://getfile.dokpub.com/yandex/get/http://disk.yandex.ru/d/3Rh8AHyarFizew,1694909296,
EP0000-SLES53641_00-PS2CLASSICS00000,3,Destroy All Humans! [FullRUS][Vellod Impex][16:9][Retail],Convert PS2ISO to PS3PKG,,http://getfile.dokpub.com/yandex/get/http://disk.yandex.ru/d/LhsXTldBtc70HA,2591272624,
EP0000-SLES53641_00-PS2CLASSICS00000,3,Destroy All Humans! [FullRUS][Vellod Impex][16:9][FiXed][Debug],Convert PS2ISO to PS3PKG,,http://getfile.dokpub.com/yandex/get/http://disk.yandex.ru/d/RcCJbLRiphD7lA,2591321824,
EP0000-SLES50804_00-PS2CLASSICS00000,3,Deus Ex: The Conspiracy [FullRUS][Bomband][Retail],Convert PS2ISO to PS3PKG,,http://getfile.dokpub.com/yandex/get/http://disk.yandex.ru/d/ymZcvUgWURltmw,1680251856,A702A457C926D2BF4C73CEB7B7497404AFE4187BC02B58A13A438B3CE5E65D18
UP0000-SLUS21361_00-PS2CLASSICS00000,3,Devil May Cry 3: Dante's Awakening Special Edition [RusText][NoRG][FiXed][Retail],Convert PS2ISO to PS3PKG,,http://getfile.dokpub.com/yandex/get/http://disk.yandex.ru/d/PEeDbRbPI6RWfA,4488322640,
EP0000-SLES50048_00-PS2CLASSICS00000,3,Disney's Donald Duck: Quack Attack [FullRUS][NORG/Gamebox][16:9][Debug],Convert PS2ISO to PS3PKG,,http://getfile.dokpub.com/yandex/get/http://disk.yandex.ru/d/YXhqttvGM5b1CQ,1283214528,3A9B1AF3C16295043DEE5A8906466FEA2094E4379AF3BBC3E7F1036745A47866
EP0000-SCES03937_00-PS2CLASSICS00000,3,Disney's Treasure Planet [FullRUS][Vector][Debug],Convert PS2ISO to PS3PKG,,http://getfile.dokpub.com/yandex/get/http://disk.yandex.ru/d/-X0_W1T-u9jDTg,497536144,
EP0000-SLES54179_00-PS2CLASSICS00000,3,Disney Pirates of the Caribbean: At World's End [FullRUS][Новый Диск/AlexLee][Debug],Convert PS2ISO to PS3PKG,,http://getfile.dokpub.com/yandex/get/http://disk.yandex.ru/d/B9o4lV_4mQ_sIg,2062912912,39A4803A9629ECF7217DA58149E253EE3F5ADE04C29FF78784D8F223BF9913C6
UP0000-SLUS21778_00-PS2CLASSICS00000,3,Dokapon Kingdom [RusText][NoRG][Debug],Convert PS2ISO to PS3PKG,,http://getfile.dokpub.com/yandex/get/http://disk.yandex.ru/d/pIFA92MVMTrqYQ,1701708704,
UP0000-SLUS21207_00-PS2CLASSICS00000,3,Dragon Quest VIII: Journey of the Cursed King [RusText][Exclusive][16:9][Retail],Convert PS2ISO to PS3PKG,,http://getfile.dokpub.com/yandex/get/http://disk.yandex.by/d/GlLWcJa_VJHRwQ,4233193024,B47E34BEAE9F4B2FF05EC31010A24C490A18896C4BE6216D029BF57DFF93E708
EP0000-SLES51696_00-PS2CLASSICS00000,3,Dragon's Lair 3D: Special Edition [RusText][Kudos][16:9][Retail],Convert PS2ISO to PS3PKG,,http://getfile.dokpub.com/yandex/get/http://disk.yandex.ru/d/8EXPbuB3Q9o-FA,1151959008,
EP0000-SLES53414_00-PS2CLASSICS00000,3,Echo Night: Beyond [RusText][ViTCo][16:9][Retail],Convert PS2ISO to PS3PKG,,http://getfile.dokpub.com/yandex/get/http://disk.yandex.ru/d/4r3thkxT7MjGNg,2206695312,2D50A0C18CA11D1D37EDF4F921ECD477A6C22C31582FAA78D3105CF2F908CBEA
UP0000-SLUS20403_00-PS2CLASSICS00000,3,Evil Dead: A Fistful of Boomstick [FullRUS][PS2 Golden][FiXed][Debug],Convert PS2ISO to PS3PKG,,http://getfile.dokpub.com/yandex/get/http://disk.yandex.ru/d/iMHndXVlRRSA3g,1344517840,750474EA7F8819E994A7B245D46C34E81D2C82E955833E0CB3D5CB2C2C56691F
UP0000-SLUS21048_00-PS2CLASSICS00000,3,Evil Dead: Regeneration [FullRUS][Бука][16:9][Debug],Convert PS2ISO to PS3PKG,,http://getfile.dokpub.com/yandex/get/http://disk.yandex.ru/d/OAgawNg1A0Kn7w,2456146912,
UP0000-SLUS21560_00-PS2CLASSICS00000,3,Family Guy - The Video Game [RusText][NoRG][Debug],Convert PS2ISO to PS3PKG,,http://getfile.dokpub.com/yandex/get/http://disk.yandex.ru/d/sqpsZNIMt4raGg,4247262432,
UP0000-SLUS20388_00-PS2CLASSICS00000,3,Fatal Frame [RusText][NoRG][Retail],Convert PS2ISO to PS3PKG,,http://getfile.dokpub.com/yandex/get/http://disk.yandex.ru/d/rKVWvwdM0c8vFA,3840315792,
EP0000-SLES52384_00-PS2CLASSICS00000,3,Fatal Frame II: Crimson Butterfly [FullRUS][Kudos][16:9][Debug],Convert PS2ISO to PS3PKG,,http://getfile.dokpub.com/yandex/get/http://disk.yandex.ru/d/0eAhaOAyOMxOeg,2500436288,2173F18BB5EDD57443EF6F7C9CA8B7D196E528937F280568BCA0661ADADACDE7
UP0000-SLUS21251_00-PS2CLASSICS00000,3,Fight Club [RusText][Kudos][Debug],Convert PS2ISO to PS3PKG,,http://getfile.dokpub.com/yandex/get/http://disk.yandex.ru/d/nF8Q6mxbD1O5zQ,1541943360,
JP0000-SLPS25088_00-PS2CLASSICS00000,3,Final Fantasy X International [RusText][AlchemistLab][16:9][Retail],Convert PS2ISO to PS3PKG,,http://getfile.dokpub.com/yandex/get/http://disk.yandex.ru/d/S5Swc2Dn3bQK_w,4560822592,
UP0000-SLUS20672_00-PS2CLASSICS00000,3,Final Fantasy X-2 [RusText][Debug],Convert PS2ISO to PS3PKG,,http://getfile.dokpub.com/yandex/get/http://disk.yandex.ru/d/L025unDfAG9gDg,4010072016,
UP0000-SLUS21251_00-PS2CLASSICS00000,3,FlatOut 2 [RusText][Бука][16:9][FiXed][Debug],Convert PS2ISO to PS3PKG,,http://getfile.dokpub.com/yandex/get/http://disk.yandex.ru/d/Ghk9MweN1jOrug,4066511952,
UP0000-SLUS20888_00-PS2CLASSICS00000,3,Front Mission 4 [RusText][Bomband][16:9][Retail],Convert PS2ISO to PS3PKG,,http://getfile.dokpub.com/yandex/get/http://disk.yandex.ru/d/k7y7E4tepTF3_A,3459690816,
JP0000-SLPM66205_00-PS2CLASSICS00000,3,Front Mission 5: Scars of the War [RusText][Фанаты][16:9][Retail],Convert PS2ISO to PS3PKG,,http://getfile.dokpub.com/yandex/get/http://disk.yandex.ru/d/3H4vaypmBpJ7IQ,3945393936,2BE83CF805DBD01814644ABC9476DB2C2BD58722CBB309DC9BE803DEEA6E1F42
UP0000-SLUS20994_00-PS2CLASSICS00000,3,Fullmetal Alchemist And The Broken Angel [RusText][Kudos][Debug],Convert PS2ISO to PS3PKG,,http://getfile.dokpub.com/yandex/get/http://disk.yandex.ru/d/oexqPtJjoEf92Q,2305056544,
UP0000-SLUS21166_00-PS2CLASSICS00000,3,Fullmetal Alchemist 2 [RusText][NoRG][Debug],Convert PS2ISO to PS3PKG,,http://getfile.dokpub.com/yandex/get/http://disk.yandex.ru/d/2CB9q_Rt42n1fw,4332598384,
UP0000-SCUS97471_00-PS2CLASSICS00000,3,Genji: Dawn of the Samurai [RusText][NoRG][Retail],Convert PS2ISO to PS3PKG,,http://getfile.dokpub.com/yandex/get/http://disk.yandex.ru/d/1Ra1Mv5Pa8tEhw,4323324848,
EP0000-SLES52671_00-PS2CLASSICS00000,3,Ghost Master: The Gravenville Chronicles [RusText][Kudos][Retail],Convert PS2ISO to PS3PKG,,http://getfile.dokpub.com/yandex/get/http://disk.yandex.ru/d/4vEKwT2I9aFm6g,1367852064,
UP0000-SCUS97399_00-PS2CLASSICS00000,3,God of War [RusText][NoRG/DruchaPucha][16:9][Retail],Convert PS2ISO to PS3PKG,,http://getfile.dokpub.com/yandex/get/http://disk.yandex.ru/d/93n0t5GN9bpIgQ,3407642896,
EP0000-SCES54206_00-PS2CLASSICS00000,3,God of War 2 [FullRUS][СофтКлаб][16:9][Retail],Convert PS2ISO to PS3PKG,,http://getfile.dokpub.com/yandex/get/http://disk.yandex.ru/d/xMgAOLIgsCT6Sg,4644308544,
UP0000-SCUS94455_00-PS2CLASSICS00000,3,Gran Turismo 2 [RusText][RGR Studio][Debug],Convert PS2ISO to PS3PKG,,http://getfile.dokpub.com/yandex/get/http://disk.yandex.ru/d/eUGniy5d0uL2Dw,1408731488,
UP0000-SLUS20062_00-PS2CLASSICS00000,3,Grand Theft Auto III [RusText][Бука][16:9][FiXed][Debug],Convert PS2ISO to PS3PKG,,http://getfile.dokpub.com/yandex/get/http://disk.yandex.ru/d/T0-TVgAvykCy0w,2619873552,051D74AF40F7AB5DD1939E5986CCB806D71E3F4D10720C02D4C93ED65A00608D
UP0000-SLUS21423_00-PS2CLASSICS00000,3,Grand Theft Auto: Liberty City Stories [RusText][Rockstar][16:9][FiXed][Debug],Official Rockstar Translation (Version 1.2),,http://getfile.dokpub.com/yandex/get/http://disk.yandex.ru/d/fG8wshrJnHMI1A,4038513008,4D39C035D135EEF1D2E0F01EC1567F30CEE5C90D103EEA0E8846175E8D1793C9
UP0000-SLUS21423_00-PS2CLASSICS00000,3,Grand Theft Auto: Liberty City Stories [RusText][Фанаты][16:9][FiXed][Debug],Fan translation (version 3.2),,http://getfile.dokpub.com/yandex/get/http://disk.yandex.ru/d/0SnMJahJ7sgUpA,4038496624,049560E9F71BA390FE3C3AC5DA966E360B86D1B7DDC0048CE03BCF12DE3D5665
UP0000-SLUS21423_00-PS2CLASSICS00000,3,Grand Theft Auto: Liberty City Stories [FullRUS][NoRG/Gamebox][16:9][FiXed][Debug],Text from NoRG voice Gamebox,,http://getfile.dokpub.com/yandex/get/http://disk.yandex.ru/d/IsxeJwlzbBtxgQ,4016722288,A5EEE214DA965A9BE5895F84B819523203FA34C9FA717987EE0F7ECF72AC33DC
UP0000-SLUS21423_00-PS2CLASSICS00000,3,Grand Theft Auto: San Andreas [RusText][1C][16:9][FiXed][Retail],Localization from 1C (DruchaPucha port),,http://getfile.dokpub.com/yandex/get/http://disk.yandex.ru/d/Xrv-hxgWDglfZQ,4252395568,8502845B944D13B042A18B3121340EBA933070F9C2E1EA293F09958B5DC61388
EP0000-SLES51933_00-PS2CLASSICS00000,3,Gregory Horror Show [RusText][Kudos][Debug],Convert PS2ISO to PS3PKG,,http://getfile.dokpub.com/yandex/get/http://disk.yandex.ru/d/tQm89cJpE2QOAA,3352472992,
EP0000-SLES53523_00-PS2CLASSICS00000,3,Gun [RusText][AlexLee][FiXed][Retail],Convert PS2ISO to PS3PKG,,http://getfile.dokpub.com/yandex/get/http://disk.yandex.ru/d/clEYk7sPpopsFw,1826890704,7B64560DB760720B45641D3C42C986300B752AD6901D139C1018056F5DF3386A
UP0000-SLUS20066_00-PS2CLASSICS00000,3,HALF-LIFE [FullRUS][Фаргус][16:9][Retail],Convert PS2ISO to PS3PKG,,http://getfile.dokpub.com/yandex/get/http://disk.yandex.ru/d/FxXgyHxtHU4SNw,440199216,
UP0000-SLUS20576_00-PS2CLASSICS00000,3,Harry Potter and the Chamber of Secrets [RusText][FiXed][Debug],Convert PS2ISO to PS3PKG,,http://getfile.dokpub.com/yandex/get/http://disk.yandex.ru/d/Pc-JuEiFTiAtXg,669258640,
EP0000-SLES51192_00-PS2CLASSICS00000,3,Harry Potter and the Chamber of Secrets [RUSSound][Kudos][FiXed][Debug],Convert PS2ISO to PS3PKG,,http://getfile.dokpub.com/yandex/get/http://disk.yandex.ru/d/b2uRMsQlMVlFJQ,670077840,
UP0000-SLUS20576_00-PS2CLASSICS00000,3,Harry Potter and the Chamber of Secrets [RusText][16:9][FiXed][Debug],Convert PS2ISO to PS3PKG,,http://getfile.dokpub.com/yandex/get/http://disk.yandex.ru/d/Xmwr2yF_WHGUgw,669258640,
UP0000-SLUS20576_00-PS2CLASSICS00000,3,Harry Potter and the Chamber of Secrets [RusText][NORG][60FPS][16:9][FiXed][Debug],Convert PS2ISO to PS3PKG,,http://getfile.dokpub.com/yandex/get/http://disk.yandex.ru/d/p6pvqgNFHWfRFg,669271808,0C3DDB09C6FC847534B9E06DC4D7CC8F4AFD51A170531AE6262D43AB6FE92217
EP0000-SLES52440_00-PS2CLASSICS00000,3,Harry Potter and The Prisoner of Azkaban [RusText][AlexLee][FiXed][Debug],Convert PS2ISO to PS3PKG,,http://getfile.dokpub.com/yandex/get/http://disk.yandex.ru/d/i6qQ13h71tmmXQ,3875323680,
EP0000-SLES52877_00-PS2CLASSICS00000,3,Haunting Ground [RusText][ViTCo][60Hz][16:9][FiXed][Debug],Convert PS2ISO to PS3PKG,,http://getfile.dokpub.com/yandex/get/http://disk.yandex.ru/d/bKBH6PHStoCF0Q,2693272480,
EP0000-SLES52877_00-PS2CLASSICS00000,3,Haunting Ground [RusText][ViTCo][50Hz][16:9][FiXed][Debug],Convert PS2ISO to PS3PKG,,http://getfile.dokpub.com/yandex/get/http://disk.yandex.ru/d/fqVpPuiCDzXmiQ,2672268192,
EP0000-SLES52877_00-PS2CLASSICS00000,3,Haunting Ground [FullRUS][ViTCo][60Hz][16:9][FiXed][Debug],Convert PS2ISO to PS3PKG,,http://getfile.dokpub.com/yandex/get/http://disk.yandex.ru/d/oP8nrjv9gV-jng,1596220176,
UP0000-SLUS20158_00-PS2CLASSICS00000,3,Heroes of Might and Magic: Quest for the Dragon Bone Staff [RusText][ViTCo][Retail],Convert PS2ISO to PS3PKG,,http://getfile.dokpub.com/yandex/get/http://disk.yandex.ru/d/xmrLFwJpHLKG-Q/Heroes-of-Might-and-Magic-[PS2-Classics]-[SLUS20158]_sign_v5.pkg,1294533232,
UP0000-SLUS20374_00-PS2CLASSICS00000,3,Hitman 2: Silent Assassin [FullRUS][Новый Диск][16:9][FiXed][Retail],Convert PS2ISO to PS3PKG,,http://getfile.dokpub.com/yandex/get/http://disk.yandex.ru/d/WCOA-y-dXEzkvw,1446182976,
UP0000-SLUS20882_00-PS2CLASSICS00000,3,Hitman: Contracts [FullRUS][Новый Диск][16:9][Retail],Convert PS2ISO to PS3PKG,,http://getfile.dokpub.com/yandex/get/http://disk.yandex.ru/d/jWGgRzk23RvqrA,2551986848,
EP0000-SLES53028_00-PS2CLASSICS00000,3,Hitman: Blood Money [FullRUS][Новый Диск/AlexLee/DevilSoft][16:9][Retail],Convert PS2ISO to PS3PKG,,http://getfile.dokpub.com/yandex/get/http://disk.yandex.ru/d/MHbuQrTNkCBenQ,3991189392,
EP0000-SCES52412_00-PS2CLASSICS00000,3,Jackie Chan Adventures [RusText][FiXed][Debug],Convert PS2ISO to PS3PKG,,http://getfile.dokpub.com/yandex/get/http://disk.yandex.ru/d/h1alqGM5FB5JdA,1523130000,
UP0000-SLUS21593_00-PS2CLASSICS00000,3,Juiced 2: Hot Import Nights [RusText][Debug],Convert PS2ISO to PS3PKG,,http://getfile.dokpub.com/yandex/get/http://disk.yandex.ru/d/Sfq-iESCbJ-fIA,1379268976,
EP0000-SLES54137_00-PS2CLASSICS00000,3,Just Cause [FullRUS][NORG/Gamebox][16:9][Retail],Convert PS2ISO to PS3PKG,,http://getfile.dokpub.com/yandex/get/http://disk.yandex.ru/d/4kl7jeC0Itc60A,2685010656,
UP0000-SLUS20706_00-PS2CLASSICS00000,3,Kill Switch [FullRUS][BGDC/Vector][Retail],Convert PS2ISO to PS3PKG,,http://getfile.dokpub.com/yandex/get/http://disk.yandex.ru/d/Tzf9SojrfeznTw,1311092272,
UP0000-SLUS20318_00-PS2CLASSICS00000,3,King's Field IV: The Ancient City [RusText][Retail],Convert PS2ISO to PS3PKG,,http://getfile.dokpub.com/yandex/get/http://disk.yandex.ru/d/0M8cfedI7FUi6A/UP0000-SLUS20318_00-PS2CLASSICS00000_sign.pkg,836317648,
EP0000-SLES51011_00-PS2CLASSICS00000,3,Knight Rider The Game [RUSSound][1C][Debug],Convert PS2ISO to PS3PKG,,http://getfile.dokpub.com/yandex/get/http://disk.yandex.ru/d/sudlYNK5OkZuLw,1564547648,
UP0000-SLUS20440_00-PS2CLASSICS00000,3,Kya: Dark Lineage [RusText][16:9][Retail],Convert PS2ISO to PS3PKG,,http://getfile.dokpub.com/yandex/get/http://disk.yandex.ru/d/6Zjv1j2u-Xlk0A,1974743216,
UP0000-SLUS20956_00-PS2CLASSICS00000,3,Leisure Suit Larry - Magna Cum Laude [18+][FullRUS][NoRG/SoftClub][Debug],Convert PS2ISO to PS3PKG,,http://getfile.dokpub.com/yandex/get/http://disk.yandex.ru/d/5mDSB5xSiJ_k0Q,2807077680,
UP0000-SLUS20773_00-PS2CLASSICS00000,3,Legacy of Kain: Defiance [FullRUS][NoRG/PS2 Golden][16:9][Retail],Convert PS2ISO to PS3PKG,,http://getfile.dokpub.com/yandex/get/http://disk.yandex.ru/d/uy0Vi8jP3rM90g,2203151312,
EP0000-SLES50196_00-PS2CLASSICS00000,3,Legacy of Kain: Soul Reaver 2 [FullRUS][Фаргус][16:9][Retail],Convert PS2ISO to PS3PKG,,http://getfile.dokpub.com/yandex/get/http://disk.yandex.ru/d/XQfUodU-cJBe0w,2256888864,
UP0000-SLUS20230_00-PS2CLASSICS00000,3,Max Payne [RUSSound][Tycoon Studio][16:9][Debug],Convert PS2ISO to PS3PKG,,http://getfile.dokpub.com/yandex/get/http://disk.yandex.ru/d/WfwNBUpIwhyjYA,4424530720,
UP0000-SLUS20814_00-PS2CLASSICS00000,3,Max Payne 2: The Fall of Max Payne [FullRUS][1C/NoRG][16:9][Retail],Text from NoRG voice 1C,,http://getfile.dokpub.com/yandex/get/http://disk.yandex.ru/d/qew2PmQ8dGPW6Q,2469811040,58AC493BCA5D0C6B2BD0F37B13C31FD63E47261760AAB5D1A5767741664C2390
EP0000-SLES53332_00-PS2CLASSICS00000,3,Medal of Honor: European Assault [RusText][AlexLee][16:9][Retail],Convert PS2ISO to PS3PKG,,http://getfile.dokpub.com/yandex/get/http://disk.yandex.ru/d/Pi9C1uEQuv5OCg,2113082496,
EP0000-SLES50684_00-PS2CLASSICS00000,3,Medal of Honor: Frontline [FullRUS][Kudos][16:9][Retail],Convert PS2ISO to PS3PKG,,http://getfile.dokpub.com/yandex/get/http://disk.yandex.ru/d/jB-5Qg7DGV2N_w,4730545280,
UP0000-SLUS20753_00-PS2CLASSICS00000,3,Medal of Honor: Rising Sun [RusText][Kudos][16:9][Retail],Convert PS2ISO to PS3PKG,,http://getfile.dokpub.com/yandex/get/http://disk.yandex.ru/d/xAPBfRkJEmOFNw,4614832224,
EP0000-SLES54683_00-PS2CLASSICS00000,3,Medal of Honor: Vanguard [RusText][AlexLee/Megera][16:9][Retail],Convert PS2ISO to PS3PKG,,http://getfile.dokpub.com/yandex/get/http://disk.yandex.ru/d/nAidmw98_C360Q,4458452896,
UP0000-SLUS20932_00-PS2CLASSICS00000,3,Mercenaries: Playground of Destruction [RusText][Megera][Debug],Convert PS2ISO to PS3PKG,,http://getfile.dokpub.com/yandex/get/http://disk.yandex.ru/d/EVnjDrgZ5222Og,2256700368,
UP0000-SLUS20554_00-PS2CLASSICS00000,3,Metal Gear Solid 2: Sons of Liberty [RusText][Exclusive][Debug],Convert PS2ISO to PS3PKG,,http://getfile.dokpub.com/yandex/get/http://disk.yandex.ru/d/QScvDVltyrOvNw,4724950080,
EP0000-SLES53092_00-PS2CLASSICS00000,3,Motocross Mania 3 [RusText][Kudos][Debug],Convert PS2ISO to PS3PKG,,http://getfile.dokpub.com/yandex/get/http://disk.yandex.ru/d/y1cCyNcY08zbsA,1147702672,
UP0000-SLUS21087_00-PS2CLASSICS00000,3,Mortal Kombat Shaolin Monks [FullRUS][NORG/Devil Soft][16:9][FiXed][Debug],Convert PS2ISO to PS3PKG,,http://getfile.dokpub.com/yandex/get/http://disk.yandex.ru/d/Wi9oX4dXo22CIg,4576313328,
UP0000-PBPX95506_00-PS2CLASSICS00000,3,MTV's Celebrity Deathmatch [RusText][Kudos][Debug],Convert PS2ISO to PS3PKG,,http://getfile.dokpub.com/yandex/get/http://disk.yandex.ru/d/FH0fq7AkzYWGoA,3683447488,
EP0000-SLES50731_00-PS2CLASSICS00000,3,Need for Speed: Hot Pursuit 2 [RusText][AlexLee][16:9][Retail],Convert PS2ISO to PS3PKG,,http://getfile.dokpub.com/yandex/get/http://disk.yandex.ru/d/kHKrvW0Vwv-k8A/Need-for-Speed---Hot-Pursuit-2-[PS2-Classics]-[SLES50731]_sign.pkg,3149318576,
UP0000-SLUS21065_00-PS2CLASSICS00000,3,Need for Speed: Underground 2 [Disc 1][RusText][SoftClub][16:9][FiXed][Debug],Convert PS2ISO to PS3PKG,,http://getfile.dokpub.com/yandex/get/http://disk.yandex.ru/d/WNMSJTzEHUEdjg,2908965728,
UP0000-SLUS21065_00-PS2CLASSICS00000,3,Need for Speed: Underground 2 [Disc 2][RusText][SoftClub][16:9][FiXed][Debug],Convert PS2ISO to PS3PKG,,http://getfile.dokpub.com/yandex/get/http://disk.yandex.ru/d/ZTajhphtnGhRuQ,2908965728,
UP0000-SLUS21065_00-PS2CLASSICS00000,3,Need for Speed: Underground 2 [FullRUS][SoftClub][60FPS][16:9][FiXed][Debug],Skip the video in the introductory drift video!,,http://getfile.dokpub.com/yandex/get/http://disk.yandex.ru/d/0buD8CYSC3RPtw,2910643616,
EP0000-SLES53322_00-PS2CLASSICS00000,3,ObsCure Bright Boost Mod [FullRUS][1C][CHT][16:9][FiXed][Debug],Convert PS2ISO to PS3PKG,,http://getfile.dokpub.com/yandex/get/http://disk.yandex.ru/d/ZlWt1r2w-dwCJA,2584100464,
UP0000-SLUS21709_00-PS2CLASSICS00000,3,Obscure 2: The Aftermath [FullRUS][AlexLee/1C][16:9][Retail],Convert PS2ISO to PS3PKG,,http://getfile.dokpub.com/yandex/get/http://disk.yandex.ru/d/5msPd-QqdztDLg,2126306960,
EP0000-SLES53322_00-PS2CLASSICS00000,3,Obscure/Obscure 2: The Aftermath [FullRUS][AlexLee/1C][16:9][Retail],Convert PS2ISO to PS3PKG,,http://getfile.dokpub.com/yandex/get/http://disk.yandex.ru/d/Basi8DrVB2xc2g,4687863440,
UP0000-SLUS20988_00-PS2CLASSICS00000,3,Playboy: The Mansion [18+][RusText][Debug],Convert PS2ISO to PS3PKG,,http://getfile.dokpub.com/yandex/get/http://disk.yandex.ru/d/ZFTX3lMZEuDZrA,1695155024,
UP0000-SLUS20743_00-PS2CLASSICS00000,3,Prince of Persia: The Sands of Time [FullRUS][Акелла/NoRG][60FPS][16:9][Debug],Convert PS2ISO to PS3PKG,,http://getfile.dokpub.com/yandex/get/http://disk.yandex.ru/d/AuGUgaykahHZFw,2290272496,
UP0000-SLUS20743_00-PS2CLASSICS00000,3,Prince of Persia: The Sands of Time [FullRUS][Акелла/NoRG][CHT][16:9][Debug],Convert PS2ISO to PS3PKG,,http://getfile.dokpub.com/yandex/get/http://disk.yandex.ru/d/ysiBAPbJeRFClg,2290272496,
UP0000-SLUS21120_00-PS2CLASSICS00000,3,Psychonauts [FullRUS][Бука][16:9][Retail],Convert PS2ISO to PS3PKG,,http://getfile.dokpub.com/yandex/get/http://disk.yandex.ru/d/SxOBqg62K_BKfg,3561941584,
UP0000-SLUS21501_00-PS2CLASSICS00000,3,Raw Danger! [FullRUS][NORG/Gamebox][16:9][FiXed][Debug],Convert PS2ISO to PS3PKG,,http://getfile.dokpub.com/yandex/get/http://disk.yandex.ru/d/W113nvjyKXI43w,1666018592,
UP0000-SLUS20500_00-PS2CLASSICS00000,3,Red Dead Revolver [RusText][NORG][FiXed][Debug],Convert PS2ISO to PS3PKG,,http://getfile.dokpub.com/yandex/get/http://disk.yandex.ru/d/9xhesuc3AObE0g,2393358592,
UP0000-SLUS20970_00-PS2CLASSICS00000,3,Rumble Roses [RusText][DVTech][Debug],Convert PS2ISO to PS3PKG,,http://getfile.dokpub.com/yandex/get/http://disk.yandex.ru/d/9jNF96XapMXyHg,3471452336,
UP0000-SLUS21111_00-PS2CLASSICS00000,3,Scarface The World is Yours [RusText][FiXed][Debug],Convert PS2ISO to PS3PKG,,http://getfile.dokpub.com/yandex/get/http://disk.yandex.ru/d/DlV_YQSAnNymfA,3798815344,
UP0000-SLUS21850_00-PS2CLASSICS00000,3,SCORE International Baja 1000: The Official Game [RusText][AlexLee][Debug],Convert PS2ISO to PS3PKG,,http://getfile.dokpub.com/yandex/get/http://disk.yandex.ru/d/-aNFgv09MiOxtg,2419859280,
UP0000-SCUS97623_00-PS2CLASSICS00000,3,Secret Agent Clank [RusText][NoRG][FiXed][Debug],Convert PS2ISO to PS3PKG,,http://getfile.dokpub.com/yandex/get/http://disk.yandex.ru/d/A-bOHnX3_rD1aA,4299161216
UP0000-SCUS97472_00-PS2CLASSICS00000,3,Shadow of the Colossus [RusText][NoRG][Debug],Convert PS2ISO to PS3PKG,,http://getfile.dokpub.com/yandex/get/http://disk.yandex.ru/d/yqrEn7xmBqS9Pg,2696835856,
UP0000-SLUS20974_00-PS2CLASSICS00000,3,Shin Megami Tensei: Digital Devil Saga [RusText][Kudos][Debug],Convert PS2ISO to PS3PKG,,http://getfile.dokpub.com/yandex/get/http://disk.yandex.ru/d/Xguq9LM5gBUTig,4230938688, 
UP0000-SLUS20745_00-PS2CLASSICS00000,3,Shrek 2 [RusText][NORG][Debug],Convert PS2ISO to PS3PKG,,http://getfile.dokpub.com/yandex/get/http://disk.yandex.ru/d/Kxo29zb00Vgcgg,4735744592,
UP0000-SLUS21899_00-PS2CLASSICS00000,3,Silent Hill: Shattered Memories [RusText][Metallist][Debug],Convert PS2ISO to PS3PKG,,http://getfile.dokpub.com/yandex/get/http://disk.yandex.ru/d/rnS3JHkEmhzsVQ,1488086384,
UP0000-SLUS21731_00-PS2CLASSICS00000,3,Silent Hill: Origins [RusText][Metallist][16:9][FiXed][Debug],Convert PS2ISO to PS3PKG,,http://getfile.dokpub.com/yandex/get/http://disk.yandex.ru/d/Vp903kQSFJIuQg,3101475872,
UP0000-SLUS20228_00-PS2CLASSICS00000,3,Silent Hill 2 (Greatest Hits) [RusText][Metallist][FiXed][Retail],Convert PS2ISO to PS3PKG,,http://getfile.dokpub.com/yandex/get/http://disk.yandex.ru/d/V8C0HDt7-AQhZQ,3906918592,
UP0000-SLUS20228_00-PS2CLASSICS00000,3,Silent Hill 2 (Greatest Hits) [FullRUS][Metallist][FiXed][Retail],Convert PS2ISO to PS3PKG,,http://getfile.dokpub.com/yandex/get/http://disk.yandex.ru/d/mp7eykDuB6DXXQ,3906918592,
UP0000-SLUS20228_00-PS2CLASSICS00000,3,Silent Hill 2 (Greatest Hits) [RusText][Metallist][16:9][FiXed][Debug],Convert PS2ISO to PS3PKG,,http://getfile.dokpub.com/yandex/get/http://disk.yandex.ru/d/IFCGIXTuG7vAhw,3906962960,
EP0000-SLES51434_00-PS2CLASSICS00000,3,Silent Hill 3 [RusText][ViTCo][16:9][Retail],Convert PS2ISO to PS3PKG,,http://getfile.dokpub.com/yandex/get/http://disk.yandex.ru/d/gkEx_Uxs3XKxBe,3614143664,
UP0000-SLUS20622_00-PS2CLASSICS00000,3,Silent Hill 3 [FullRUS][Metallist][16:9][FiXed][Debug],Convert PS2ISO to PS3PKG,,http://getfile.dokpub.com/yandex/get/http://disk.yandex.ru/d/vnfghewv87wg0w,3611899392,
UP0000-SLUS20243_00-PS2CLASSICS00000,3,Silent Scope 2: Dark Silhouette [RusText][NoRG][FiXed][Debug],Convert PS2ISO to PS3PKG,,http://getfile.dokpub.com/yandex/get/http://disk.yandex.ru/d/zygnlrhgF1LKuA,226758560,
UP0000-SLUS21231_00-PS2CLASSICS00000,3,Sniper Elite [FullRUS][Бука][16:9][Retail],Convert PS2ISO to PS3PKG,,http://getfile.dokpub.com/yandex/get/http://disk.yandex.ru/d/TfTT0Jk14HW7Vw,1394702176,
UP0000-SLUS21380_00-PS2CLASSICS00000,3,Snoopy vs The Red Baron [RusText][Megera][Debug],Convert PS2ISO to PS3PKG,,http://getfile.dokpub.com/yandex/get/http://disk.yandex.ru/d/xY7YgEBWJBlg2g,1710625824,
JP0000-SLPM65431_00-PS2CLASSICS00000,3,Sonic Heroes [RusText][NoRG][Debug],Convert PS2ISO to PS3PKG,,http://getfile.dokpub.com/yandex/get/http://disk.yandex.ru/d/fzeIC8tO90WuxA,3082035072,22C547E5CC8DE7D30FC11E64F2DC247B2D2DC6438B99E1FEC7A1DA0847394831
UP0000-SLUS21603_00-PS2CLASSICS00000,3,Soul Nomad & the World Eaters [RusText][NORG][Debug],Convert PS2ISO to PS3PKG,,http://getfile.dokpub.com/yandex/get/http://disk.yandex.ru/d/RJ3n4DMr844ihA,2154832096,
EP0000-SLES50196_00-PS2CLASSICS00000,3,Soul Reaver 2 [FullRUS][Фаргус][FiXed][Debug],Convert PS2ISO to PS3PKG,,http://getfile.dokpub.com/yandex/get/http://disk.yandex.ru/d/eYHDQxM_l_qwmQ,4690381840,
EP0000-SLES50196_00-PS2CLASSICS00000,3,Soul Reaver 2 [FullRUS][Фаргус][16:9][FiXed][Debug],Convert PS2ISO to PS3PKG,,http://getfile.dokpub.com/yandex/get/http://disk.yandex.ru/d/lQSgZBldHpuh-g,4688487776,
UP0000-SLUS20336_00-PS2CLASSICS00000,3,Spider-Man: The Movie [FullRUS][Фаргус][Retail],Convert PS2ISO to PS3PKG,,http://getfile.dokpub.com/yandex/get/http://disk.yandex.ru/d/s1H2m7ZGFwZXLA,1315632080,
UP0000-SLUS20680_00-PS2CLASSICS00000,3,SpongeBob SquarePants: Battle for Bikini Bottom [RusText][ViTCo][16:9][Debug],Convert PS2ISO to PS3PKG,,http://getfile.dokpub.com/yandex/get/http://disk.yandex.ru/d/dW0iTRoMl9iXmw,2402251808,
UP0000-SLUS20856_00-PS2CLASSICS00000,3,SPY FICTION [RusText][Debug],Convert PS2ISO to PS3PKG,,http://getfile.dokpub.com/yandex/get/http://disk.yandex.ru/d/luJOMoOX3VsnPq,3159924720,
UP0000-SLUS21132_00-PS2CLASSICS00000,3,Stella Deus: The Gate of Eternity [RusText][Debug],Convert PS2ISO to PS3PKG,,http://getfile.dokpub.com/yandex/get/http://disk.yandex.ru/d/GyOcAoFQQX_Iiw,3774789744, 
EP0000-SLES53235_00-PS2CLASSICS00000,3,Syberia Dilogy [2in1][FullRUS][Логрус][Debug],Convert PS2ISO to PS3PKG,,http://getfile.dokpub.com/yandex/get/http://disk.yandex.ru/d/fQJ7_WKpCUDsxA,2657588096,64874D4E6C643BDAEF27103096DB97D807452299B457F453033DB9409568542A
UP0000-SCUS97362_00-PS2CLASSICS00000,3,Syphon Filter: Dark Mirror [FullRUS][Gamebox][16:9][FiXed][Retail],Convert PS2ISO to PS3PKG,,http://getfile.dokpub.com/yandex/get/http://disk.yandex.ru/d/B0wa_xf5HyRUkw,4328110896,
JP0000-SLPS25100_00-PS2CLASSICS00000,3,Tekken 4 [FullRUS][Retail][RIP],Convert PS2ISO to PS3PKG,,http://getfile.dokpub.com/yandex/get/http://disk.yandex.ru/d/cR9gJ0rbK9k5yQ,774797552,
EP0000-SCES50878_00-PS2CLASSICS00000,3,Tekken 4 [RusText][Debug],Convert PS2ISO to PS3PKG,,http://getfile.dokpub.com/yandex/get/http://disk.yandex.ru/d/hzDf0nOyUFN-JA,4499068928,
EP0000-SCES53202_00-PS2CLASSICS00000,3,Tekken 5 [RusText][Retail],Convert PS2ISO to PS3PKG,,http://getfile.dokpub.com/yandex/get/http://disk.yandex.ru/d/YaZ_f-x75YrDIA,4514905040,
UP0000-SLUS20803_00-PS2CLASSICS00000,3,The Bard's Tale [FullRUS][Логрус][16:9][Retail],Convert PS2ISO to PS3PKG,,http://getfile.dokpub.com/yandex/get/http://disk.yandex.ru/d/rfG44ZpYSOUXUw,3923123536,
EP0000-SCES50241_00-PS2CLASSICS00000,3,The Bouncer [FullRUS][NoRG][FiXed][Debug],Convert PS2ISO to PS3PKG,,http://getfile.dokpub.com/yandex/get/http://disk.yandex.ru/d/8bJ3_JnuvRkQIg,3908175680
EP0000-SCES52758_00-PS2CLASSICS00000,3,The Getaway: Black Monday [RusText][NoRG][FiXed][Debug],Convert PS2ISO to PS3PKG,,http://getfile.dokpub.com/yandex/get/http://disk.yandex.ru/d/p2rkeFUvLnnb_Q,4670699536,
EP0000-SLES53967_00-PS2CLASSICS00000,3,The Godfather [RusText][Retail],Convert PS2ISO to PS3PKG,,http://getfile.dokpub.com/yandex/get/http://disk.yandex.ru/d/qn-_yJGiE2_90w,3193311392,
UP0000-SLUS21074_00-PS2CLASSICS00000,3,The Guy Game [18+][RusText][FiXed][Debug],Convert PS2ISO to PS3PKG,,http://getfile.dokpub.com/yandex/get/http://disk.yandex.ru/d/we77sOZPijtemg,4709682560,63B3EEED38A07E10A642578CAAF10E55378DCD464779D8FD0D5767AD9CB9871F
UP0000-SLUS20784_00-PS2CLASSICS00000,3,The Italian Job [FullRUS][NORG/PS2 Golden][FiXed][Debug],Convert PS2ISO to PS3PKG,,http://getfile.dokpub.com/yandex/get/http://disk.yandex.ru/d/t8syzLFpXpsZ5Q,542465248,
UP0000-SLUS21273_00-PS2CLASSICS00000,3,The Matrix: Path of Neo [FullRUS][Devil Soft][16:9][Retail],Convert PS2ISO to PS3PKG,,http://getfile.dokpub.com/yandex/get/http://disk.yandex.ru/d/bcpn9nAQwBcRlQ,3845047168,
UP0000-SLUS20864_00-PS2CLASSICS00000,3,The Punisher: Uncensored [RusText][Debug],Convert PS2ISO to PS3PKG,,http://getfile.dokpub.com/yandex/get/http://disk.yandex.ru/d/c8GEhNl5XZrVXw,1993090768,
EP0000-SLES54904_00-PS2CLASSICS00000,3,The Simpsons Game [RusText][NoRG][FiXed][Debug],Convert PS2ISO to PS3PKG,,http://getfile.dokpub.com/yandex/get/http://disk.yandex.ru/d/o3eToP7aCHboVw,4515290400,6BFF642FA0EBC8D7C1C3003E21D9ECC18824F931C7C0E262268AEF293F378AE7
UP0000-SLUS20636_00-PS2CLASSICS00000,3,The Suffering [FullRUS][Новый Диск][16:9][FiXed][Debug],Convert PS2ISO to PS3PKG,,http://getfile.dokpub.com/yandex/get/http://disk.yandex.ru/d/b9gWS9Zls0FIJA,3583370240,
EP0000-SLES50975_00-PS2CLASSICS00000,3,The Thing [FullRUS][Retail],Convert PS2ISO to PS3PKG,,http://getfile.dokpub.com/yandex/get/http://disk.yandex.ru/d/IX9diNkScSmkaA,1543786832,
UP0000-SLUS21215_00-PS2CLASSICS00000,3,The Warriors [RusText][NoRG][16:9][Retail],Convert PS2ISO to PS3PKG,,http://getfile.dokpub.com/yandex/get/http://disk.yandex.ru/d/AduF4G1zI_YJIA,4584286304,
EP0000-SLES54478_00-PS2CLASSICS00000,3,TMNT: The Videogame [FullRUS][Gamebox][Debug],Convert PS2ISO to PS3PKG,,http://getfile.dokpub.com/yandex/get/http://disk.yandex.ru/d/i8ACuAWdOwpu9g,1399992736,
EP0000-SLES53826_00-PS2CLASSICS00000,3,Tom Clancy’s Splinter Cell: Double Agent [RusText][AlexLee][Debug],Convert PS2ISO to PS3PKG,,http://getfile.dokpub.com/yandex/get/http://disk.yandex.ru/d/g9LcezbyyYZ4Fg,2954798992,
EP0000-SLES54674_00-PS2CLASSICS00000,3,Tomb Raider: Anniversary [RusText][ViTCo][16:9][Retail],Convert PS2ISO to PS3PKG,,http://getfile.dokpub.com/yandex/get/http://disk.yandex.ru/d/byVdUN9HRkOhuQ/Lara_Croft_Tomb_Raider_-_Anniversary_[PS2_Classics]_[SLES54674]_sign.pkg,3660692032,
EP0000-SLES53908_00-PS2CLASSICS00000,3,Tomb Raider: Legend [RusText][AlexLee][FiXed][Retail],Convert PS2ISO to PS3PKG,,http://getfile.dokpub.com/yandex/get/http://disk.yandex.ru/d/egeYngL1wi5pPQ,3576293120,
EP0000-SLES55442_00-PS2CLASSICS00000,3,Tomb Raider: Underworld [RusText][AlexLee][16:9][Debug],Convert PS2ISO to PS3PKG,,http://getfile.dokpub.com/yandex/get/http://disk.yandex.ru/d/BuQhWQ-4QRQDLg/TombRaider2008-Underworld-PS2-RUS.pkg,2785653952,
UP0000-SLUS21931_00-PS2CLASSICS00000,3,Toy Story 3: The Video Game [FullRUS][Новый Диск][Debug],Convert PS2ISO to PS3PKG,,http://getfile.dokpub.com/yandex/get/http://disk.yandex.ru/d/UFLZobDg9aVDow,1519949728,
UP0000-SLUS21209_00-PS2CLASSICS00000,3,Urban Reign [RusText][NoRG][FiXed][Debug],Convert PS2ISO to PS3PKG,,http://getfile.dokpub.com/yandex/get/http://disk.yandex.ru/d/ebi7DiebzrsMnA,2109263952,
EP0000-SCES53247_00-PS2CLASSICS00000,3,WRC: Rally Evolved [RusText][FiXed][Debug],Convert PS2ISO to PS3PKG,,http://getfile.dokpub.com/yandex/get/http://disk.yandex.ru/d/4Rpy-1-3y4FjvQ,3722246688,
UP0000-SLUS20677_00-PS2CLASSICS00000,3,XIII [RusText][Retail],Convert PS2ISO to PS3PKG,,http://getfile.dokpub.com/yandex/get/http://disk.yandex.ru/d/h9_HAvz0QZDbJw,2580583952,
UP0000-SLUS21348_00-PS2CLASSICS00000,3,Yakuza [RusText][Megera][FiXed][Debug],Convert PS2ISO to PS3PKG,,http://getfile.dokpub.com/yandex/get/http://disk.yandex.ru/d/yAchi4yPmKjKyw,4602777552,
